edition,book,letter,date,selection,location,location_lat,location_long,location_count,topo_id,topo_count
phi0474.phi056.perseus-lat1,1,1,698,Romae,Roma,41.53,12.3,231,,0
phi0474.phi056.perseus-lat1,1,2,698,Romae,Roma,41.53,12.3,231,,0
phi0474.phi056.perseus-lat1,1,3,698,Romae,Roma,41.53,12.3,231,,0
phi0474.phi056.perseus-lat1,1,4,698,Romae,Roma,41.53,12.3,231,,0
phi0474.phi056.perseus-lat1,1,5a,698,Romae,Roma,41.53,12.3,231,,0
phi0474.phi056.perseus-lat1,1,5b,698,Romae,Roma,41.53,12.3,231,,0
phi0474.phi056.perseus-lat1,1,6,698,Romae,Roma,41.53,12.3,231,,0
phi0474.phi056.perseus-lat1,1,7,698,Romae,Roma,41.53,12.3,231,,0
phi0474.phi056.perseus-lat1,1,8,699,Romae,Roma,41.53,12.3,231,,0
phi0474.phi056.perseus-lat1,1,9,700,Romae,Roma,41.53,12.3,231,,0
phi0474.phi056.perseus-lat1,1,10,700,Romae,Roma,41.53,12.3,231,,0
phi0474.phi056.perseus-lat1,2,1,701,Romae,Roma,41.53,12.3,231,,0
phi0474.phi056.perseus-lat1,2,2,701,Romae,Roma,41.53,12.3,231,,0
phi0474.phi056.perseus-lat1,2,3,701,Romae,Roma,41.53,12.3,231,,0
phi0474.phi056.perseus-lat1,2,4,701,Romae,Roma,41.53,12.3,231,,0
phi0474.phi056.perseus-lat1,2,5,701,Romae,Roma,41.53,12.3,231,,0
phi0474.phi056.perseus-lat1,2,6,701,Romae,Roma,41.53,12.3,231,,0
phi0474.phi056.perseus-lat1,2,7,703,Pindenessum,Pindenessus,36.75,36.33,1,10,4
phi0474.phi056.perseus-lat1,2,8,703,Athenis,Athens,37.98,23.73,8,20,8
phi0474.phi056.perseus-lat1,2,9,703,Pindenissum,Pindenissus,36.75,36.33,2,10,4
phi0474.phi056.perseus-lat1,2,10,703,Pindenissum,Pindenissus,36.75,36.33,2,10,4
phi0474.phi056.perseus-lat1,2,11,704,Laudiceae,Laudicea,37.5,29.06,14,38,15
phi0474.phi056.perseus-lat1,2,12,704,,,,,91,,0
phi0474.phi056.perseus-lat1,2,13,704,Laudiceae,Laudicea,37.5,29.06,14,38,15
phi0474.phi056.perseus-lat1,2,14,704,Laudiceae,Laudicea,37.5,29.06,14,38,15
phi0474.phi056.perseus-lat1,2,15,704,Sidae,Sidae,38.9,22.53,2,29,6
phi0474.phi056.perseus-lat1,2,16,705,,,,,91,,0
phi0474.phi056.perseus-lat1,2,17,704,Tarsi,Tarsium,,,5,,0
phi0474.phi056.perseus-lat1,2,18,704,Laudiceae,Laudicea,37.5,29.06,14,38,15
phi0474.phi056.perseus-lat1,2,19,704,,,,,91,,0
phi0474.phi056.perseus-lat1,3,1,701,Romae,Roma,41.53,12.3,231,,0
phi0474.phi056.perseus-lat1,3,2,703,Romae,Roma,41.53,12.3,231,,0
phi0474.phi056.perseus-lat1,3,3,703,Brundisii,Brundisium,40.638663,17.942912,19,37,27
phi0474.phi056.perseus-lat1,3,4,703,Brundisi,Brundisium,40.638663,17.942912,19,37,27
phi0474.phi056.perseus-lat1,3,5,703,,,,,91,,0
phi0474.phi056.perseus-lat1,3,6,703,,,,,91,,0
phi0474.phi056.perseus-lat1,3,7,704,Laudiceae,Laudicea,37.5,29.06,14,38,15
phi0474.phi056.perseus-lat1,3,8,703,Mopsuhestiae,Mopsuhestia,36.57,35.37,1,10,4
phi0474.phi056.perseus-lat1,3,9,704,Laudiceae,Laudicea,37.5,29.06,14,38,15
phi0474.phi056.perseus-lat1,3,10,704,Laudiceae,Laudicea,37.5,29.06,14,38,15
phi0474.phi056.perseus-lat1,3,11,704,Pyramum,Pyramus,,,1,,0
phi0474.phi056.perseus-lat1,3,12,704,Sidae,Sidae,38.9,22.53,2,29,6
phi0474.phi056.perseus-lat1,3,13,704,Rhodi,Rhodium,36.1,27.56,1,,0
phi0474.phi056.perseus-lat1,4,1,705,Ciceronis,Cicerons,,,1,,0
phi0474.phi056.perseus-lat1,4,2,705,,,,,91,,0
phi0474.phi056.perseus-lat1,4,3,708,Romae,Roma,41.53,12.3,231,,0
phi0474.phi056.perseus-lat1,4,4,708,Romae,Roma,41.53,12.3,231,,0
phi0474.phi056.perseus-lat1,4,5,709,Athenis,Athens,37.98,23.73,8,20,8
phi0474.phi056.perseus-lat1,4,6,709,Attici Ficuleano,Attici Ficuleano house,,,3,,0
phi0474.phi056.perseus-lat1,4,7,708,Romae,Roma,41.53,12.3,231,,0
phi0474.phi056.perseus-lat1,4,8,708,Romae,Roma,41.53,12.3,231,,0
phi0474.phi056.perseus-lat1,4,9,708,Romae,Roma,41.53,12.3,231,,0
phi0474.phi056.perseus-lat1,4,10,708,Romae,Roma,41.53,12.3,231,,0
phi0474.phi056.perseus-lat1,4,11,708,Mytilenis,Mytilens,39.6,26.33,1,38,15
phi0474.phi056.perseus-lat1,4,12,709,Athenis,Athens,37.98,23.73,8,20,8
phi0474.phi056.perseus-lat1,4,13,708,Romae,Roma,41.53,12.3,231,,0
phi0474.phi056.perseus-lat1,4,14,708,Romae,Roma,41.53,12.3,231,,0
phi0474.phi056.perseus-lat1,4,15,708,Romae,Roma,41.53,12.3,231,,0
phi0474.phi056.perseus-lat1,5,1,692,,,,,91,,0
phi0474.phi056.perseus-lat1,5,2,692,Romae,Roma,41.53,12.3,231,,0
phi0474.phi056.perseus-lat1,5,3,698,,,,,91,,0
phi0474.phi056.perseus-lat1,5,4,697,Dyrrhachi,Dyrrhachium,41.314409,19.447355,4,,0
phi0474.phi056.perseus-lat1,5,5,692,Romae,Roma,41.53,12.3,231,,0
phi0474.phi056.perseus-lat1,5,6,692,Romae,Roma,41.53,12.3,231,,0
phi0474.phi056.perseus-lat1,5,7,692,Romae,Roma,41.53,12.3,231,,0
phi0474.phi056.perseus-lat1,5,8,700,Romae,Roma,41.53,12.3,231,,0
phi0474.phi056.perseus-lat1,5,9,709,Naronae,Narona,43.063722,17.613419,3,,0
phi0474.phi056.perseus-lat1,5,10a,710,Naronae,Narona,43.063722,17.613419,3,,0
phi0474.phi056.perseus-lat1,5,10b,709,Naronae,Narona,43.063722,17.613419,3,,0
phi0474.phi056.perseus-lat1,5,11,709,Romae,Roma,41.53,12.3,231,,0
phi0474.phi056.perseus-lat1,5,12,698,,,,,91,,0
phi0474.phi056.perseus-lat1,5,13,709,Asturae,Astura,41.408855,12.765272,6,37,27
phi0474.phi056.perseus-lat1,5,14,709,Romae,Roma,41.53,12.3,231,,0
phi0474.phi056.perseus-lat1,5,15,709,Asturae,Astura,41.408855,12.765272,6,37,27
phi0474.phi056.perseus-lat1,5,16,702,Romae,Roma,41.53,12.3,231,,0
phi0474.phi056.perseus-lat1,5,17,697,Romae,Roma,41.53,12.3,231,,0
phi0474.phi056.perseus-lat1,5,18,752,Romae,Roma,41.53,12.3,231,,0
phi0474.phi056.perseus-lat1,5,19,705,,,,,91,,0
phi0474.phi056.perseus-lat1,5,20,705,,,,,91,,0
phi0474.phi056.perseus-lat1,5,21,708,Romae,Roma,41.53,12.3,231,,0
phi0474.phi056.perseus-lat1,6,1,708,Romae,Roma,41.53,12.3,231,,0
phi0474.phi056.perseus-lat1,6,2,709,Attici Ficuleano,Attici Ficuleano house,,,3,,0
phi0474.phi056.perseus-lat1,6,3,709,Romae,Roma,41.53,12.3,231,,0
phi0474.phi056.perseus-lat1,6,4,709,Romae,Roma,41.53,12.3,231,,0
phi0474.phi056.perseus-lat1,6,5,708,Romae,Roma,41.53,12.3,231,,0
phi0474.phi056.perseus-lat1,6,6,708,Romae,Roma,41.53,12.3,231,,0
phi0474.phi056.perseus-lat1,6,7,708,,,,,91,,0
phi0474.phi056.perseus-lat1,6,8,708,Romae,Roma,41.53,12.3,231,,0
phi0474.phi056.perseus-lat1,6,9,708,Romae,Roma,41.53,12.3,231,,0
phi0474.phi056.perseus-lat1,6,10,708,Romae,Roma,41.53,12.3,231,,0
phi0474.phi056.perseus-lat1,6,11,709,,,,,91,,0
phi0474.phi056.perseus-lat1,6,12,708,Romae,Roma,41.53,12.3,231,,0
phi0474.phi056.perseus-lat1,6,13,708,Romae,Roma,41.53,12.3,231,,0
phi0474.phi056.perseus-lat1,6,14,708,Romae,Roma,41.53,12.3,231,,0
phi0474.phi056.perseus-lat1,6,15,710,Romae,Roma,41.53,12.3,231,,0
phi0474.phi056.perseus-lat1,6,16,710,,,,,91,,0
phi0474.phi056.perseus-lat1,6,17,710,,,,,91,,0
phi0474.phi056.perseus-lat1,6,18,709,Romae,Roma,41.53,12.3,231,,0
phi0474.phi056.perseus-lat1,6,19,709,Asturae,Astura,41.408855,12.765272,6,37,27
phi0474.phi056.perseus-lat1,6,20,709,Asturae,Astura,41.408855,12.765272,6,37,27
phi0474.phi056.perseus-lat1,6,21,709,Romae,Roma,41.53,12.3,231,,0
phi0474.phi056.perseus-lat1,6,22,708,Romae,Roma,41.53,12.3,231,,0
phi0474.phi056.perseus-lat1,7,1,699,Romae,Roma,41.53,12.3,231,,0
phi0474.phi056.perseus-lat1,7,2,703,Romae,Roma,41.53,12.3,231,,0
phi0474.phi056.perseus-lat1,7,3,698,Romae,Roma,41.53,12.3,231,,0
phi0474.phi056.perseus-lat1,7,4,708,,,,,91,,0
phi0474.phi056.perseus-lat1,7,5,700,Romae,Roma,41.53,12.3,231,,0
phi0474.phi056.perseus-lat1,7,6,700,,,,,91,,0
phi0474.phi056.perseus-lat1,7,7,700,Romae,Roma,41.53,12.3,231,,0
phi0474.phi056.perseus-lat1,7,8,700,Romae,Roma,41.53,12.3,231,,0
phi0474.phi056.perseus-lat1,7,9,700,Romae,Roma,41.53,12.3,231,,0
phi0474.phi056.perseus-lat1,7,10,700,Romae,Roma,41.53,12.3,231,,0
phi0474.phi056.perseus-lat1,7,11,701,,,,,91,,0
phi0474.phi056.perseus-lat1,7,12,701,Romae,Roma,41.53,12.3,231,,0
phi0474.phi056.perseus-lat1,7,13,701,Romae,Roma,41.53,12.3,231,,0
phi0474.phi056.perseus-lat1,7,14,701,Romae,Roma,41.53,12.3,231,,0
phi0474.phi056.perseus-lat1,7,15,701,Romae,Roma,41.53,12.3,231,,0
phi0474.phi056.perseus-lat1,7,16,700,Romae,Roma,41.53,12.3,231,,0
phi0474.phi056.perseus-lat1,7,17,700,Romae,Roma,41.53,12.3,231,,0
phi0474.phi056.perseus-lat1,7,18,701,,,,,91,,0
phi0474.phi056.perseus-lat1,7,19,710,,,,,91,,0
phi0474.phi056.perseus-lat1,7,20,710,Veliae,Velia,40.160744,15.155092,1,,0
phi0474.phi056.perseus-lat1,7,21,710,,,,,91,,0
phi0474.phi056.perseus-lat1,7,22,710,,,,,91,,0
phi0474.phi056.perseus-lat1,7,23,692,Romae,Roma,41.53,12.3,231,,0
phi0474.phi056.perseus-lat1,7,24,709,,,,,91,,0
phi0474.phi056.perseus-lat1,7,25,709,,,,,91,,0
phi0474.phi056.perseus-lat1,7,26,708,,,,,91,,0
phi0474.phi056.perseus-lat1,7,27,702,Romae,Roma,41.53,12.3,231,,0
phi0474.phi056.perseus-lat1,7,28,708,Romae,Roma,41.53,12.3,231,,0
phi0474.phi056.perseus-lat1,7,29,709,Patris,Patra,38.248795,21.734916,2,,0
phi0474.phi056.perseus-lat1,7,30,710,Romae,Roma,41.53,12.3,231,,0
phi0474.phi056.perseus-lat1,7,31,710,Romae,Roma,41.53,12.3,231,,0
phi0474.phi056.perseus-lat1,7,32,704,Laudiceae,Laudicea,37.5,29.06,14,38,15
phi0474.phi056.perseus-lat1,7,33,708,,,,,91,,0
phi0474.phi056.perseus-lat1,8,1,703,Romae,Roma,41.53,12.3,231,,0
phi0474.phi056.perseus-lat1,8,2,703,Romae,Roma,41.53,12.3,231,,0
phi0474.phi056.perseus-lat1,8,3,703,Romae,Roma,41.53,12.3,231,,0
phi0474.phi056.perseus-lat1,8,4,703,Romae,Roma,41.53,12.3,231,,0
phi0474.phi056.perseus-lat1,8,5,703,Romae,Roma,41.53,12.3,231,,0
phi0474.phi056.perseus-lat1,8,6,704,Romae,Roma,41.53,12.3,231,,0
phi0474.phi056.perseus-lat1,8,7,704,Romae,Roma,41.53,12.3,231,,0
phi0474.phi056.perseus-lat1,8,8,703,Romae,Roma,41.53,12.3,231,,0
phi0474.phi056.perseus-lat1,8,9,703,Romae,Roma,41.53,12.3,231,,0
phi0474.phi056.perseus-lat1,8,10,703,Romae,Roma,41.53,12.3,231,,0
phi0474.phi056.perseus-lat1,8,11,704,Romae,Roma,41.53,12.3,231,,0
phi0474.phi056.perseus-lat1,8,12,704,Romae,Roma,41.53,12.3,231,,0
phi0474.phi056.perseus-lat1,8,13,704,Romae,Roma,41.53,12.3,231,,0
phi0474.phi056.perseus-lat1,8,14,704,Romae,Roma,41.53,12.3,231,,0
phi0474.phi056.perseus-lat1,8,15,705,,,,,91,,0
phi0474.phi056.perseus-lat1,8,16,705,Intimili,Intimilium,43.47,7.36,1,,0
phi0474.phi056.perseus-lat1,8,17,706,Romae,Roma,41.53,12.3,231,,0
phi0474.phi056.perseus-lat1,9,1,707,Romae,Roma,41.53,12.3,231,,0
phi0474.phi056.perseus-lat1,9,2,708,Romae,Roma,41.53,12.3,231,,0
phi0474.phi056.perseus-lat1,9,3,,Romae,Roma,41.53,12.3,231,,0
phi0474.phi056.perseus-lat1,9,4,708,,,,,91,,0
phi0474.phi056.perseus-lat1,9,5,708,Romae,Roma,41.53,12.3,231,,0
phi0474.phi056.perseus-lat1,9,6,708,Romae,Roma,41.53,12.3,231,,0
phi0474.phi056.perseus-lat1,9,7,708,Romae,Roma,41.53,12.3,231,,0
phi0474.phi056.perseus-lat1,9,8,709,,,,,91,,0
phi0474.phi056.perseus-lat1,9,9,706,Caesaris,Caesars,,,1,,0
phi0474.phi056.perseus-lat1,9,10,708,Romae,Roma,41.53,12.3,231,,0
phi0474.phi056.perseus-lat1,9,11,709,Attici Ficuleano,Attici Ficuleano house,,,3,,0
phi0474.phi056.perseus-lat1,9,12,709,,,,,91,,0
phi0474.phi056.perseus-lat1,9,13,708,Romae,Roma,41.53,12.3,231,,0
phi0474.phi056.perseus-lat1,9,14,710,,,,,91,,0
phi0474.phi056.perseus-lat1,9,15,708,Romae,Roma,41.53,12.3,231,,0
phi0474.phi056.perseus-lat1,9,16,708,,,,,91,,0
phi0474.phi056.perseus-lat1,9,17,708,Romae,Roma,41.53,12.3,231,,0
phi0474.phi056.perseus-lat1,9,18,708,,,,,91,,0
phi0474.phi056.perseus-lat1,9,19,708,Romae,Roma,41.53,12.3,231,,0
phi0474.phi056.perseus-lat1,9,20,708,Romae,Roma,41.53,12.3,231,,0
phi0474.phi056.perseus-lat1,9,21,708,,,,,91,,0
phi0474.phi056.perseus-lat1,9,22,709,,,,,91,,0
phi0474.phi056.perseus-lat1,9,23,708,,,,,91,,0
phi0474.phi056.perseus-lat1,9,24,711,Romae,Roma,41.53,12.3,231,,0
phi0474.phi056.perseus-lat1,9,25,,Laudiceae,Laudicea,37.5,29.06,14,38,15
phi0474.phi056.perseus-lat1,9,26,708,Romae,Roma,41.53,12.3,231,,0
phi0474.phi056.perseus-lat1,10,1,710,Romae,Roma,41.53,12.3,231,,0
phi0474.phi056.perseus-lat1,10,2,710,Romae,Roma,41.53,12.3,231,,0
phi0474.phi056.perseus-lat1,10,3,710,Romae,Roma,41.53,12.3,231,,0
phi0474.phi056.perseus-lat1,10,4,710,,,,,91,,0
phi0474.phi056.perseus-lat1,10,5,710,Romae,Roma,41.53,12.3,231,,0
phi0474.phi056.perseus-lat1,10,6,711,Romae,Roma,41.53,12.3,231,,0
phi0474.phi056.perseus-lat1,10,7,711,,,,,91,,0
phi0474.phi056.perseus-lat1,10,8,711,,,,,91,,0
phi0474.phi056.perseus-lat1,10,9,711,Narbonensi,Narbonensium,,,1,,0
phi0474.phi056.perseus-lat1,10,10,711,Romae,Roma,41.53,12.3,231,,0
phi0474.phi056.perseus-lat1,10,11,711,,,,,91,,0
phi0474.phi056.perseus-lat1,10,12,711,Romae,Roma,41.53,12.3,231,,0
phi0474.phi056.perseus-lat1,10,13,711,Romae,Roma,41.53,12.3,231,,0
phi0474.phi056.perseus-lat1,10,14,711,Romae,Roma,41.53,12.3,231,,0
phi0474.phi056.perseus-lat1,10,15,711,Narbonensis,Narbonenss,,,1,,0
phi0474.phi056.perseus-lat1,10,16,711,Romae,Roma,41.53,12.3,231,,0
phi0474.phi056.perseus-lat1,10,17,711,Lepidum,Lepidus,,,1,,0
phi0474.phi056.perseus-lat1,10,18,711,Voconi,Voconium,,,1,,0
phi0474.phi056.perseus-lat1,10,19,711,Romae,Roma,41.53,12.3,231,,0
phi0474.phi056.perseus-lat1,10,20,711,Romae,Roma,41.53,12.3,231,,0
phi0474.phi056.perseus-lat1,10,21,711,,,,,91,,0
phi0474.phi056.perseus-lat1,10,21a,,,,,,91,,0
phi0474.phi056.perseus-lat1,10,22,711,Romae,Roma,41.53,12.3,231,,0
phi0474.phi056.perseus-lat1,10,23,711,,,,,91,,0
phi0474.phi056.perseus-lat1,10,24,711,,,,,91,,0
phi0474.phi056.perseus-lat1,10,25,711,Romae,Roma,41.53,12.3,231,,0
phi0474.phi056.perseus-lat1,10,26,711,Romae,Roma,41.53,12.3,231,,0
phi0474.phi056.perseus-lat1,10,27,711,Romae,Roma,41.53,12.3,231,,0
phi0474.phi056.perseus-lat1,10,28,711,Romae,Roma,41.53,12.3,231,,0
phi0474.phi056.perseus-lat1,10,29,711,Romae,Roma,41.53,12.3,231,,0
phi0474.phi056.perseus-lat1,10,30,711,,,,,91,,0
phi0474.phi056.perseus-lat1,10,31,711,Cordubae,Corduba,37.884683,-4.779171,3,,0
phi0474.phi056.perseus-lat1,10,32,711,Cordubae,Corduba,37.884683,-4.779171,3,,0
phi0474.phi056.perseus-lat1,10,33,711,Cordubae,Corduba,37.884683,-4.779171,3,,0
phi0474.phi056.perseus-lat1,10,34,711,,,,,91,,0
phi0474.phi056.perseus-lat1,10,34a,711,ibidem,,,,91,,0
phi0474.phi056.perseus-lat1,10,35,711,,,,,91,,0
phi0474.phi056.perseus-lat1,11,1,710,Romae,Roma,41.53,12.3,231,,0
phi0474.phi056.perseus-lat1,11,2,710,Lanuvi,Lanuvium,41.674703,12.697593,1,,0
phi0474.phi056.perseus-lat1,11,3,710,Neapoli,Neapolium,40.5,14.15,1,,0
phi0474.phi056.perseus-lat1,11,4,710,,,,,91,,0
phi0474.phi056.perseus-lat1,11,5,710,Romae,Roma,41.53,12.3,231,,0
phi0474.phi056.perseus-lat1,11,6,710,Romae,Roma,41.53,12.3,231,,0
phi0474.phi056.perseus-lat1,11,7,710,Romae,Roma,41.53,12.3,231,,0
phi0474.phi056.perseus-lat1,11,8,,Romae,Roma,41.53,12.3,231,,0
phi0474.phi056.perseus-lat1,11,9,711,Regi,Regium,38.110708,15.647027,1,17,1
phi0474.phi056.perseus-lat1,11,10,711,Dertonae,Dertona,44.897171,8.865452,1,42,4
phi0474.phi056.perseus-lat1,11,11,711,,,,,91,,0
phi0474.phi056.perseus-lat1,11,12,711,Romae,Roma,41.53,12.3,231,,0
phi0474.phi056.perseus-lat1,11,13,711,Pollentiae,Pollentia,44.686768,7.895976,1,,0
phi0474.phi056.perseus-lat1,11,13a,711,,,,,91,,0
phi0474.phi056.perseus-lat1,11,13b,711,Parmae,Parma,44.801507,10.327967,1,42,4
phi0474.phi056.perseus-lat1,11,14,711,Romae,Roma,41.53,12.3,231,,0
phi0474.phi056.perseus-lat1,11,15,711,Romae,Roma,41.53,12.3,231,,0
phi0474.phi056.perseus-lat1,11,16,711,Romae,Roma,41.53,12.3,231,,0
phi0474.phi056.perseus-lat1,11,17,,ibidem,Roma,41.53,12.3,231,,0
phi0474.phi056.perseus-lat1,11,18,711,Romae,Roma,41.53,12.3,231,,0
phi0474.phi056.perseus-lat1,11,19,711,Vercellis,Vercells,,,1,,0
phi0474.phi056.perseus-lat1,11,20,711,Eporediae,Eporedia,45.466604,7.875942,2,42,4
phi0474.phi056.perseus-lat1,11,21,711,Romae,Roma,41.53,12.3,231,,0
phi0474.phi056.perseus-lat1,11,22,711,Romae,Roma,41.53,12.3,231,,0
phi0474.phi056.perseus-lat1,11,23,711,Eporediae,Eporedia,45.466604,7.875942,2,42,4
phi0474.phi056.perseus-lat1,11,24,711,Romae,Roma,41.53,12.3,231,,0
phi0474.phi056.perseus-lat1,11,25,711,Romae,Roma,41.53,12.3,231,,0
phi0474.phi056.perseus-lat1,11,26,711,,,,,91,,0
phi0474.phi056.perseus-lat1,11,27,710,,,,,91,,0
phi0474.phi056.perseus-lat1,11,28,,Romae,Roma,41.53,12.3,231,,0
phi0474.phi056.perseus-lat1,11,29,710,,,,,91,,0
phi0474.phi056.perseus-lat1,12,1,710,,,,,91,,0
phi0474.phi056.perseus-lat1,12,2,710,Romae,Roma,41.53,12.3,231,,0
phi0474.phi056.perseus-lat1,12,3,710,Romae,Roma,41.53,12.3,231,,0
phi0474.phi056.perseus-lat1,12,4,711,Romae,Roma,41.53,12.3,231,,0
phi0474.phi056.perseus-lat1,12,5,711,Romae,Roma,41.53,12.3,231,,0
phi0474.phi056.perseus-lat1,12,6,711,Romae,Roma,41.53,12.3,231,,0
phi0474.phi056.perseus-lat1,12,7,711,Romae,Roma,41.53,12.3,231,,0
phi0474.phi056.perseus-lat1,12,8,711,Romae,Roma,41.53,12.3,231,,0
phi0474.phi056.perseus-lat1,12,9,711,Romae,Roma,41.53,12.3,231,,0
phi0474.phi056.perseus-lat1,12,10,711,Romae,Roma,41.53,12.3,231,,0
phi0474.phi056.perseus-lat1,12,11,711,Tadolicis,Tadolics,,,1,,0
phi0474.phi056.perseus-lat1,12,12,711,,,,,91,,0
phi0474.phi056.perseus-lat1,12,13,711,,,,,91,,0
phi0474.phi056.perseus-lat1,12,14,711,Pergae,Perga,36.57,30.51,2,6,2
phi0474.phi056.perseus-lat1,12,15,711,Pergae,Perga,36.57,30.51,2,6,2
phi0474.phi056.perseus-lat1,12,16,710,Athenis,Athens,37.98,23.73,8,20,8
phi0474.phi056.perseus-lat1,12,17,708,Romae,Roma,41.53,12.3,231,,0
phi0474.phi056.perseus-lat1,12,18,708,Romae,Roma,41.53,12.3,231,,0
phi0474.phi056.perseus-lat1,12,19,708,Romae,Roma,41.53,12.3,231,,0
phi0474.phi056.perseus-lat1,12,20,710,Romae,Roma,41.53,12.3,231,,0
phi0474.phi056.perseus-lat1,12,21,710,Romae,Roma,41.53,12.3,231,,0
phi0474.phi056.perseus-lat1,12,22,710,Romae,Roma,41.53,12.3,231,,0
phi0474.phi056.perseus-lat1,12,22a,710,Romae,Roma,41.53,12.3,231,,0
phi0474.phi056.perseus-lat1,12,23,710,Romae,Roma,41.53,12.3,231,,0
phi0474.phi056.perseus-lat1,12,24,711,Romae,Roma,41.53,12.3,231,,0
phi0474.phi056.perseus-lat1,12,25,711,Romae,Roma,41.53,12.3,231,,0
phi0474.phi056.perseus-lat1,12,25a,711,Romae,Roma,41.53,12.3,231,,0
phi0474.phi056.perseus-lat1,12,26,711,Romae,Roma,41.53,12.3,231,,0
phi0474.phi056.perseus-lat1,12,27,711,Romae,Roma,41.53,12.3,231,,0
phi0474.phi056.perseus-lat1,12,28,711,Romae,Roma,41.53,12.3,231,,0
phi0474.phi056.perseus-lat1,12,29,711,Romae,Roma,41.53,12.3,231,,0
phi0474.phi056.perseus-lat1,12,30,711,Romae,Roma,41.53,12.3,231,,0
phi0474.phi056.perseus-lat1,13,1,703,Athenis,Athens,37.98,23.73,8,20,8
phi0474.phi056.perseus-lat1,13,2,702,Romae,Roma,41.53,12.3,231,,0
phi0474.phi056.perseus-lat1,13,3,702,Romae,Roma,41.53,12.3,231,,0
phi0474.phi056.perseus-lat1,13,4,709,Romae,Roma,41.53,12.3,231,,0
phi0474.phi056.perseus-lat1,13,5,709,Romae,Roma,41.53,12.3,231,,0
phi0474.phi056.perseus-lat1,13,6,698,Romae,Roma,41.53,12.3,231,,0
phi0474.phi056.perseus-lat1,13,6a,,,,,,91,,0
phi0474.phi056.perseus-lat1,13,7,709,Romae,Roma,41.53,12.3,231,,0
phi0474.phi056.perseus-lat1,13,8,709,Romae,Roma,41.53,12.3,231,,0
phi0474.phi056.perseus-lat1,13,9,704,Tarsi,Tarsium,,,5,,0
phi0474.phi056.perseus-lat1,13,10,708,Romae,Roma,41.53,12.3,231,,0
phi0474.phi056.perseus-lat1,13,11,,Romae,Roma,41.53,12.3,231,,0
phi0474.phi056.perseus-lat1,13,12,,Romae,Roma,41.53,12.3,231,,0
phi0474.phi056.perseus-lat1,13,13,,Romae,Roma,41.53,12.3,231,,0
phi0474.phi056.perseus-lat1,13,14,,Romae,Roma,41.53,12.3,231,,0
phi0474.phi056.perseus-lat1,13,15,709,Romae,Roma,41.53,12.3,231,,0
phi0474.phi056.perseus-lat1,13,16,,,,,,91,,0
phi0474.phi056.perseus-lat1,13,17,708,Romae,Roma,41.53,12.3,231,,0
phi0474.phi056.perseus-lat1,13,18,708,Romae,Roma,41.53,12.3,231,,0
phi0474.phi056.perseus-lat1,13,19,708,Romae,Roma,41.53,12.3,231,,0
phi0474.phi056.perseus-lat1,13,20,708,Romae,Roma,41.53,12.3,231,,0
phi0474.phi056.perseus-lat1,13,21,708,Romae,Roma,41.53,12.3,231,,0
phi0474.phi056.perseus-lat1,13,22,708,Romae,Roma,41.53,12.3,231,,0
phi0474.phi056.perseus-lat1,13,23,708,Romae,Roma,41.53,12.3,231,,0
phi0474.phi056.perseus-lat1,13,24,708,Romae,Roma,41.53,12.3,231,,0
phi0474.phi056.perseus-lat1,13,25,708,Romae,Roma,41.53,12.3,231,,0
phi0474.phi056.perseus-lat1,13,26,708,Romae,Roma,41.53,12.3,231,,0
phi0474.phi056.perseus-lat1,13,27,708,Romae,Roma,41.53,12.3,231,,0
phi0474.phi056.perseus-lat1,13,28,708,Romae,Roma,41.53,12.3,231,,0
phi0474.phi056.perseus-lat1,13,28a,708,Romae,Roma,41.53,12.3,231,,0
phi0474.phi056.perseus-lat1,13,29,707,Romae,Roma,41.53,12.3,231,,0
phi0474.phi056.perseus-lat1,13,30,708,Romae,Roma,41.53,12.3,231,,0
phi0474.phi056.perseus-lat1,13,31,708,Romae,Roma,41.53,12.3,231,,0
phi0474.phi056.perseus-lat1,13,32,708,Romae,Roma,41.53,12.3,231,,0
phi0474.phi056.perseus-lat1,13,33,708,Romae,Roma,41.53,12.3,231,,0
phi0474.phi056.perseus-lat1,13,34,708,Romae,Roma,41.53,12.3,231,,0
phi0474.phi056.perseus-lat1,13,35,708,Romae,Roma,41.53,12.3,231,,0
phi0474.phi056.perseus-lat1,13,36,708,Romae,Roma,41.53,12.3,231,,0
phi0474.phi056.perseus-lat1,13,37,708,Romae,Roma,41.53,12.3,231,,0
phi0474.phi056.perseus-lat1,13,38,708,Romae,Roma,41.53,12.3,231,,0
phi0474.phi056.perseus-lat1,13,39,708,Romae,Roma,41.53,12.3,231,,0
phi0474.phi056.perseus-lat1,13,40,699,Romae,Roma,41.53,12.3,231,,0
phi0474.phi056.perseus-lat1,13,41,696,Romae,Roma,41.53,12.3,231,,0
phi0474.phi056.perseus-lat1,13,42,696,Romae,Roma,41.53,12.3,231,,0
phi0474.phi056.perseus-lat1,13,43,696,Romae,Roma,41.53,12.3,231,,0
phi0474.phi056.perseus-lat1,13,44,696,Romae,Roma,41.53,12.3,231,,0
phi0474.phi056.perseus-lat1,13,45,,Romae,Roma,41.53,12.3,231,,0
phi0474.phi056.perseus-lat1,13,46,,Romae,Roma,41.53,12.3,231,,0
phi0474.phi056.perseus-lat1,13,47,703,,,,,91,,0
phi0474.phi056.perseus-lat1,13,48,707,Romae,Roma,41.53,12.3,231,,0
phi0474.phi056.perseus-lat1,13,159,707,Romae,Roma,41.53,12.3,231,,0
phi0474.phi056.perseus-lat1,13,50,710,Romae,Roma,41.53,12.3,231,,0
phi0474.phi056.perseus-lat1,13,51,698,,,,,91,,0
phi0474.phi056.perseus-lat1,13,52,708,Romae,Roma,41.53,12.3,231,,0
phi0474.phi056.perseus-lat1,13,53,704,,,,,91,,0
phi0474.phi056.perseus-lat1,13,54,704,Laudiceae,Laudicea,37.5,29.06,14,38,15
phi0474.phi056.perseus-lat1,13,55,,,,,,91,,0
phi0474.phi056.perseus-lat1,13,56,,,,,,91,,0
phi0474.phi056.perseus-lat1,13,57,704,Laudiceae,Laudicea,37.5,29.06,14,38,15
phi0474.phi056.perseus-lat1,13,58,704,Laudiceae,Laudicea,37.5,29.06,14,38,15
phi0474.phi056.perseus-lat1,13,59,704,Laudiceae,Laudicea,37.5,29.06,14,38,15
phi0474.phi056.perseus-lat1,13,60,708,Romae,Roma,41.53,12.3,231,,0
phi0474.phi056.perseus-lat1,13,61,,,,,,91,,0
phi0474.phi056.perseus-lat1,13,62,,,,,,91,,0
phi0474.phi056.perseus-lat1,13,63,704,Laudiceae,Laudicea,37.5,29.06,14,38,15
phi0474.phi056.perseus-lat1,13,64,,,,,,91,,0
phi0474.phi056.perseus-lat1,13,65,,,,,,91,,0
phi0474.phi056.perseus-lat1,13,66,709,Romae,Roma,41.53,12.3,231,,0
phi0474.phi056.perseus-lat1,13,67,708,Romae,Roma,41.53,12.3,231,,0
phi0474.phi056.perseus-lat1,13,68,708,Romae,Roma,41.53,12.3,231,,0
phi0474.phi056.perseus-lat1,13,69,708,Romae,Roma,41.53,12.3,231,,0
phi0474.phi056.perseus-lat1,13,70,708,Romae,Roma,41.53,12.3,231,,0
phi0474.phi056.perseus-lat1,13,71,708,Romae,Roma,41.53,12.3,231,,0
phi0474.phi056.perseus-lat1,13,72,708,Romae,Roma,41.53,12.3,231,,0
phi0474.phi056.perseus-lat1,13,73,,Romae,Roma,41.53,12.3,231,,0
phi0474.phi056.perseus-lat1,13,74,,Romae,Roma,41.53,12.3,231,,0
phi0474.phi056.perseus-lat1,13,75,702,Romae,Roma,41.53,12.3,231,,0
phi0474.phi056.perseus-lat1,13,76,,Romae,Roma,41.53,12.3,231,,0
phi0474.phi056.perseus-lat1,13,77,708,Romae,Roma,41.53,12.3,231,,0
phi0474.phi056.perseus-lat1,13,78,708,Romae,Roma,41.53,12.3,231,,0
phi0474.phi056.perseus-lat1,13,79,708,Romae,Roma,41.53,12.3,231,,0
phi0474.phi056.perseus-lat1,14,1,706,Dyrrhachi,Dyrrhachium,41.314409,19.447355,4,,0
phi0474.phi056.perseus-lat1,14,2,696,Thessalonicae,Thessalonica,40.634097,22.951647,1,29,6
phi0474.phi056.perseus-lat1,14,3,696,Dyrrhachi,Dyrrhachium,41.314409,19.447355,4,,0
phi0474.phi056.perseus-lat1,14,4,696,Brundisi,Brundisium,40.638663,17.942912,19,37,27
phi0474.phi056.perseus-lat1,14,5,704,Athenis,Athens,37.98,23.73,8,20,8
phi0474.phi056.perseus-lat1,14,6,706,Dyrrhachi,Dyrrhachium,41.314409,19.447355,4,,0
phi0474.phi056.perseus-lat1,14,7,705,,,,,91,,0
phi0474.phi056.perseus-lat1,14,8,707,Brundisi,Brundisium,40.638663,17.942912,19,37,27
phi0474.phi056.perseus-lat1,14,9,706,Brundisi,Brundisium,40.638663,17.942912,19,37,27
phi0474.phi056.perseus-lat1,14,10,707,Brindisi,Brindisium,40.638663,17.942912,1,37,27
phi0474.phi056.perseus-lat1,14,11,707,Brundisi,Brundisium,40.638663,17.942912,19,37,27
phi0474.phi056.perseus-lat1,14,12,706,Brundisi,Brundisium,40.638663,17.942912,19,37,27
phi0474.phi056.perseus-lat1,14,13,707,Brundisi,Brundisium,40.638663,17.942912,19,37,27
phi0474.phi056.perseus-lat1,14,14,705,Menturnis,Menturnis,41.242193,13.768467,1,,0
phi0474.phi056.perseus-lat1,14,15,707,Brundisi,Brundisium,40.638663,17.942912,19,37,27
phi0474.phi056.perseus-lat1,14,16,707,Brundisi,Brundisium,40.638663,17.942912,19,37,27
phi0474.phi056.perseus-lat1,14,17,706,Brundisi,Brundisium,40.638663,17.942912,19,37,27
phi0474.phi056.perseus-lat1,14,18,705,Formi,Formium,,,1,,0
phi0474.phi056.perseus-lat1,14,19,706,Brundisi,Brundisium,40.638663,17.942912,19,37,27
phi0474.phi056.perseus-lat1,14,20,707,,,,,91,,0
phi0474.phi056.perseus-lat1,14,21,707,Brundisi,Brundisium,40.638663,17.942912,19,37,27
phi0474.phi056.perseus-lat1,14,22,707,Brundisi,Brundisium,40.638663,17.942912,19,37,27
phi0474.phi056.perseus-lat1,14,23,707,Brundisi,Brundisium,40.638663,17.942912,19,37,27
phi0474.phi056.perseus-lat1,14,24,707,Brundisi,Brundisium,40.638663,17.942912,19,37,27
phi0474.phi056.perseus-lat1,15,1,703,,,,,91,,0
phi0474.phi056.perseus-lat1,15,2,703,,,,,91,,0
phi0474.phi056.perseus-lat1,15,3,703,Iconium,Iconium,37.872202,32.492331,1,,0
phi0474.phi056.perseus-lat1,15,4,703,Tarsi,Tarsium,,,5,,0
phi0474.phi056.perseus-lat1,15,5,704,Romae,Roma,41.53,12.3,231,,0
phi0474.phi056.perseus-lat1,15,6,704,Tarsi,Tarsium,,,5,,0
phi0474.phi056.perseus-lat1,15,7,703,,,,,91,,0
phi0474.phi056.perseus-lat1,15,8,,,,,,91,,0
phi0474.phi056.perseus-lat1,15,9,,,,,,91,,0
phi0474.phi056.perseus-lat1,15,10,703,Tarsi,Tarsium,,,5,,0
phi0474.phi056.perseus-lat1,15,11,,,,,,91,,0
phi0474.phi056.perseus-lat1,15,12,,,,,,91,,0
phi0474.phi056.perseus-lat1,15,13,,,,,,91,,0
phi0474.phi056.perseus-lat1,15,14,703,Alexandri,Alexandrium,,,1,,0
phi0474.phi056.perseus-lat1,15,15,707,Brundisii,Brundisium,40.638663,17.942912,19,37,27
phi0474.phi056.perseus-lat1,15,16,709,Romae,Roma,41.53,12.3,231,,0
phi0474.phi056.perseus-lat1,15,17,708,Romae,Roma,41.53,12.3,231,,0
phi0474.phi056.perseus-lat1,15,18,708,Romae,Roma,41.53,12.3,231,,0
phi0474.phi056.perseus-lat1,15,19,709,Brundisi,Brundisium,40.638663,17.942912,19,37,27
phi0474.phi056.perseus-lat1,15,20,710,Romae,Roma,41.53,12.3,231,,0
phi0474.phi056.perseus-lat1,15,21,707,Romae,Roma,41.53,12.3,231,,0
phi0474.phi056.perseus-lat1,16,1,704,Patris,Patra,38.248795,21.734916,2,,0
phi0474.phi056.perseus-lat1,16,2,704,Alyziae,Alyzia,38.713373,20.951657,2,29,6
phi0474.phi056.perseus-lat1,16,3,704,Alyziae,Alyzia,38.713373,20.951657,2,29,6
phi0474.phi056.perseus-lat1,16,4,704,,,,,91,,0
phi0474.phi056.perseus-lat1,16,5,704,,,,,91,,0
phi0474.phi056.perseus-lat1,16,6,704,Acti,Actium,38.92,20.8,1,29,6
phi0474.phi056.perseus-lat1,16,7,704,Corcyrae,Corcyra,39.606285,19.91558,1,,0
phi0474.phi056.perseus-lat1,16,8,705,,,,,91,,0
phi0474.phi056.perseus-lat1,16,9,704,Brundisi,Brundisium,40.638663,17.942912,19,37,27
phi0474.phi056.perseus-lat1,16,10,701,Mai,Maium,,,1,,0
phi0474.phi056.perseus-lat1,16,11,705,,,,,91,,0
phi0474.phi056.perseus-lat1,16,12,705,Capuae,Capua,41.086092,14.250207,1,37,27
phi0474.phi056.perseus-lat1,16,13,699,,,,,91,,0
phi0474.phi056.perseus-lat1,16,14,701,,,,,91,,0
phi0474.phi056.perseus-lat1,16,15,701,,,,,91,,0
phi0474.phi056.perseus-lat1,16,16,701,,,,,91,,0
phi0474.phi056.perseus-lat1,16,17,709,Asturae,Astura,41.408855,12.765272,6,37,27
phi0474.phi056.perseus-lat1,16,18,707,Romae,Roma,41.53,12.3,231,,0
phi0474.phi056.perseus-lat1,16,19,709,,,,,91,,0
phi0474.phi056.perseus-lat1,16,20,,,,,,91,,0
phi0474.phi056.perseus-lat1,16,21,710,Athenis,Athens,37.98,23.73,8,20,8
phi0474.phi056.perseus-lat1,16,22,709,Asturae,Astura,41.408855,12.765272,6,37,27
phi0474.phi056.perseus-lat1,16,23,710,,,,,91,,0
phi0474.phi056.perseus-lat1,16,24,710,Arpinati,Arpinatium,,,1,,0
phi0474.phi056.perseus-lat1,16,25,710,Athenis,Athens,37.98,23.73,8,20,8
phi0474.phi056.perseus-lat1,16,26,710,,,,,91,,0
phi0474.phi056.perseus-lat1,16,27,710,,,,,91,,0
