text_part_id,value,word_value,position,ve_ref,idx,subref_value
87652,عمر,عمر,1,1.t1,0,عمر[1]
87652,الى,الى,2,1.t2,1,الى[1]
87652,شَيْخْ,شيخ,3,1.t3,2,شيخ[1]
87652,حنته,حنته,4,1.t4,3,حنته[1]
87653,سالتنى,سالتنى,1,2.t1,4,سالتنى[1]
87653,ان,ان,2,2.t2,5,ان[1]
87653,اكتب,اكتب,3,2.t3,6,اكتب[1]
87653,الحياتى,الحياتى,4,2.t4,7,الحياتى[1]
87653,انى,انى,5,2.t5,8,انى[1]
87653,لا,لا,6,2.t6,9,لا[1]
87653,يستطيع,يستطيع,7,2.t7,10,يستطيع[1]
87653,ان,ان,8,2.t8,11,ان[3]
87653,اكتب,اكتب,9,2.t9,12,اكتب[2]
87653,الحياتى,الحياتى,10,2.t10,13,الحياتى[2]
87653,انى,انى,11,2.t11,14,انى[2]
87653,ناشى,ناشى,12,2.t12,15,ناشى[1]
87653,كثيرا,كثيرا,13,2.t13,16,كثيرا[1]
87653,الكلامى,الكلامى,14,2.t14,17,الكلامى[1]
87653,مع,مع,15,2.t15,18,مع[1]
87653,الكلام,الكلام,16,2.t16,19,الكلام[2]
87653,العرب,العرب,17,2.t17,20,العرب[1]
87654,انى,انى,1,3.t1,21,انى[1]
87654,لا,لا,2,3.t2,22,لا[1]
87654,يقرع,يقرع,3,3.t3,23,يقرع[1]
87654,نحويا,نحويا,4,3.t4,24,نحويا[1]
87654,الا,الا,5,3.t5,25,الا[1]
87654,قليلا,قليلا,6,3.t6,26,قليلا[1]
87654,لا,لا,7,3.t7,27,لا[4]
87654,لغويا,لغويا,8,3.t8,28,لغويا[1]
87654,الا,الا,9,3.t9,29,الا[2]
87654,قليلا,قليلا,10,3.t10,30,قليلا[2]
87655,يا,يا,1,4.t1,31,يا[1]
87655,اخوتى,اخوتى,2,4.t2,32,اخوتى[1]
87655,سالتك,سالتك,3,4.t3,33,سالتك[1]
87655,بالله,بالله,4,4.t4,34,بالله[1]
87655,لا,لا,5,4.t5,35,لا[1]
87655,تلومونى,تلومونى,6,4.t6,36,تلومونى[1]
87655,انى,انى,7,4.t7,37,انى[1]
87655,العين,العين,8,4.t8,38,العين[1]
87655,ضعيف,ضعيف,9,4.t9,39,ضعيف[1]
87655,الجسد,الجسد,10,4.t10,40,الجسد[1]
87655,كذالك,كذالك,11,4.t11,41,كذالك[1]
87656,اسمى,اسمى,1,5.t1,42,اسمى[1]
87656,عمر,عمر,2,5.t2,43,عمر[1]
87656,ابن,ابن,3,5.t3,44,ابن[1]
87656,سيد,سيد,4,5.t4,45,سيد[1]
87656,مكان,مكان,5,5.t5,46,مكان[1]
87656,مولدى,مولدى,6,5.t6,47,مولدى[1]
87656,فوت,فوت,7,5.t7,48,فوت[1]
87656,تور,تور,8,5.t8,49,تور[1]
87656,بين,بين,9,5.t9,50,بين[1]
87656,البحرين,البحرين,10,5.t10,51,البحرين[1]
87657,طلب,طلب,1,6.t1,52,طلب[1]
87657,العلم,العلم,2,6.t2,53,العلم[1]
87657,بند,بند,3,6.t3,54,بند[1]
87657,وفوت,وفوت,4,6.t4,55,وفوت[1]
87657,شيخ,شيخ,5,6.t5,56,شيخ[1]
87657,يسمى,يسمى,6,6.t6,57,يسمى[1]
87657,محمد,محمد,7,6.t7,58,محمد[1]
87657,سيد,سيد,8,6.t8,59,سيد[1]
87657,اخوتي,اخوتي,9,6.t9,60,اخوتي[1]
87657,وشيح,وشيح,10,6.t10,61,وشيح[1]
87657,سليمان,سليمان,11,6.t11,62,سليمان[1]
87657,كمبه,كمبه,12,6.t12,63,كمبه[1]
87657,وشيخ,وشيخ,13,6.t13,64,وشيخ[1]
87657,جبريل,جبريل,14,6.t14,65,جبريل[1]
87657,عبدل,عبدل,15,6.t15,66,عبدل[1]
87658,انى,انى,1,7.t1,67,انى[1]
87658,يثبت,يثبت,2,7.t2,68,يثبت[1]
87658,طالب,طالب,3,7.t3,69,طالب[1]
87658,العلم,العلم,4,7.t4,70,العلم[1]
87658,خمس,خمس,5,7.t5,71,خمس[1]
87658,وعشرين,وعشرين,6,7.t6,72,وعشرين[1]
87658,سنة,سنة,7,7.t7,73,سنة[1]
87659,باء,باء,1,8.t1,74,باء[1]
87659,فى,فى,2,8.t2,75,فى[1]
87659,مكاني,مكاني,3,8.t3,76,مكاني[1]
87659,ستة,ستة,4,8.t4,77,ستة[1]
87659,سنة,سنة,5,8.t5,78,سنة[1]
87660,جأء,جأء,1,9.t1,79,جأء[1]
87660,فى,فى,2,9.t2,80,فى[1]
87660,بلدنا,بلدنا,3,9.t3,81,بلدنا[1]
87660,جيش,جيش,4,9.t4,82,جيش[1]
87660,كبير,كبير,5,9.t5,83,كبير[1]
87661,قتل,قتل,1,10.t1,84,قتل[1]
87661,الانسان,الانسان,2,10.t2,85,الانسان[1]
87661,كثيرا,كثيرا,3,10.t3,86,كثيرا[1]
87661,خذنى,خذنى,4,10.t4,87,خذنى[1]
87661,يمشى,يمشى,5,10.t5,88,يمشى[1]
87661,كبر,كبر,6,10.t6,89,كبر[1]
87661,البحر,البحر,7,10.t7,90,البحر[1]
87661,باعوا,باعوا,8,10.t8,91,باعوا[1]
87661,فى,فى,9,10.t9,92,فى[1]
87661,يد,يد,10,10.t10,93,يد[1]
87661,النصرانى,النصرانى,11,10.t11,94,النصرانى[1]
87661,في,في,12,10.t12,95,في[1]
87661,استرى,استرى,13,10.t13,96,استرى[1]
87661,يمشي,يمشي,14,10.t14,97,يمشي[1]
87661,الى,الى,15,10.t15,98,الى[1]
87661,الشفينة,الشفينة,16,10.t16,99,الشفينة[1]
87661,الكبير,الكبير,17,10.t17,100,الكبير[1]
87661,البحر,البحر,18,10.t18,101,البحر[2]
87661,الكبير,الكبير,19,10.t19,102,الكبير[2]
87662,يمشي,يمشي,1,11.t1,103,يمشي[1]
87662,فى,فى,2,11.t2,104,فى[1]
87662,البحر,البحر,3,11.t3,105,البحر[1]
87662,الكبير,الكبير,4,11.t4,106,الكبير[1]
87662,شهر,شهر,5,11.t5,107,شهر[1]
87662,ونصف,ونصف,6,11.t6,108,ونصف[1]
87662,شهر,شهر,7,11.t7,109,شهر[2]
87662,جاء,جاء,8,11.t8,110,جاء[1]
87662,في,في,9,11.t9,111,في[1]
87662,المكان,المكان,10,11.t10,112,المكان[1]
87662,يسمى,يسمى,11,11.t11,113,يسمى[1]
87662,ذَالُسْتُنْ,ذالستن,12,11.t12,114,ذالستن[1]
87662,فى,فى,13,11.t13,115,فى[2]
87662,كلام,كلام,14,11.t14,116,كلام[1]
87662,نصرانى,نصرانى,15,11.t15,117,نصرانى[1]
87662,باعواْ,باعوا,16,11.t16,118,باعوا[1]
87663,اشترى,اشترى,1,12.t1,119,اشترى[1]
87663,رجيل,رجيل,2,12.t2,120,رجيل[1]
87663,صغير,صغير,3,12.t3,121,صغير[1]
87663,ضعيفٌ,ضعيف,4,12.t4,122,ضعيف[1]
87663,سُوءٌ,سوء,5,12.t5,123,سوء[1]
87664,يسمى,يسمى,1,13.t1,124,يسمى[1]
87664,ذُونْسِنْ,ذونسن,2,13.t2,125,ذونسن[1]
87665,∵,,1,14.t1,126,[0]
87665,كافر,كافر,2,14.t2,127,كافر[1]
87665,جدا,جدا,3,14.t3,128,جدا[1]
87665,لا,لا,4,14.t4,129,لا[1]
87665,خافُ,خاف,5,14.t5,130,خاف[1]
87665,الله,الله,6,14.t6,131,الله[1]
87665,شيء,شيء,7,14.t7,132,شيء[1]
87666,انى,انى,1,15.t1,133,انى[1]
87666,رجل,رجل,2,15.t2,134,رجل[1]
87666,صغير,صغير,3,15.t3,135,صغير[1]
87666,لا,لا,4,15.t4,136,لا[1]
87666,يستطيع,يستطيع,5,15.t5,137,يستطيع[1]
87666,عن,عن,6,15.t6,138,عن[1]
87666,يعمل,يعمل,7,15.t7,139,يعمل[1]
87666,عملا,عملا,8,15.t8,140,عملا[1]
87666,شديدا,شديدا,9,15.t9,141,شديدا[1]
87667,يَفِرٌ,يفر,1,16.t1,142,يفر[1]
87667,من,من,2,16.t2,143,من[1]
87667,يد,يد,3,16.t3,144,يد[1]
87667,ذُونسن,ذونسن,4,16.t4,145,ذونسن[1]
87668,الى,الى,1,17.t1,146,الى[1]
87668,شهراء,شهراء,2,17.t2,147,شهراء[1]
87668,يمشى,يمشى,3,17.t3,148,يمشى[1]
87668,الى,الى,4,17.t4,149,الى[2]
87668,مكان,مكان,5,17.t5,150,مكان[1]
87668,يسمى,يسمى,6,17.t6,151,يسمى[1]
87668,فيدل,فيدل,7,17.t7,152,فيدل[1]
87669,رعى,رعى,1,18.t1,153,رعى[1]
87669,بيوت,بيوت,2,18.t2,154,بيوت[1]
87670,فى,فى,1,19.t1,155,فى[1]
87670,شهراء,شهراء,2,19.t2,156,شهراء[1]
87670,ادخل,ادخل,3,19.t3,157,ادخل[1]
87670,فى,فى,4,19.t4,158,فى[2]
87670,البيوت,البيوت,5,19.t5,159,البيوت[1]
87670,كى,كى,6,19.t6,160,كى[1]
87670,يصلئ,يصلئ,7,19.t7,161,يصلئ[1]
87671,رعى,رعى,1,20.t1,162,رعى[1]
87671,صبية,صبية,2,20.t2,163,صبية[1]
87671,يركب,يركب,3,20.t3,164,يركب[1]
87671,الخيل,الخيل,4,20.t4,165,الخيل[1]
87672,صبية,صبية,1,21.t1,166,صبية[1]
87672,جاء,جاء,2,21.t2,167,جاء[1]
87672,فى,فى,3,21.t3,168,فى[1]
87672,المكان,المكان,4,21.t4,169,المكان[1]
87672,ابوه,ابوه,5,21.t5,170,ابوه[1]
87672,يتكم,يتكم,6,21.t6,171,يتكم[1]
87672,ابوه,ابوه,7,21.t7,172,ابوه[2]
87672,انى,انى,8,21.t8,173,انى[1]
87672,ارعمئ,ارعمئ,9,21.t9,174,ارعمئ[1]
87672,رجل,رجل,10,21.t10,175,رجل[1]
87672,سودانى,سودانى,11,21.t11,176,سودانى[1]
87672,فى,فى,12,21.t12,177,فى[2]
87672,البوت,البوت,13,21.t13,178,البوت[1]
87672,الشهر,الشهر,14,21.t14,179,الشهر[1]
87673,رجل,رجل,1,22.t1,180,رجل[1]
87673,يسمى,يسمى,2,22.t2,181,يسمى[1]
87673,هنده,هنده,3,22.t3,182,هنده[1]
87673,رجل,رجل,4,22.t4,183,رجل[2]
87673,اخر,اخر,5,22.t5,184,اخر[1]
87673,واحد,واحد,6,22.t6,185,واحد[1]
87673,منهمى,منهمى,7,22.t7,186,منهمى[1]
87673,يركب,يركب,8,22.t8,187,يركب[1]
87673,الخيل,الخيل,9,22.t9,188,الخيل[1]
87673,مع,مع,10,22.t10,189,مع[1]
87673,الكلب,الكلب,11,22.t11,190,الكلب[1]
87673,كثير,كثير,12,22.t12,191,كثير[1]
87673,اخذنى,اخذنى,13,22.t13,192,اخذنى[1]
87673,يمشى,يمشى,14,22.t14,193,يمشى[1]
87673,معهم,معهم,15,22.t15,194,معهم[1]
87673,اثنا,اثنا,16,22.t16,195,اثنا[1]
87673,عشر,عشر,17,22.t17,196,عشر[1]
87673,اميال,اميال,18,22.t18,197,اميال[1]
87673,فى,فى,19,22.t19,198,فى[1]
87673,مكان,مكان,20,22.t20,199,مكان[1]
87673,يسمى,يسمى,21,22.t21,200,يسمى[2]
87673,فيدل,فيدل,22,22.t22,201,فيدل[1]
87673,الى,الى,23,22.t23,202,الى[1]
87673,بيوت,بيوت,24,22.t24,203,بيوت[1]
87673,كبير,كبير,25,22.t25,204,كبير[1]
87673,انى,انى,26,22.t26,205,انى[1]
87673,لا,لا,27,22.t27,206,لا[1]
87673,يستطيع,يستطيع,28,22.t28,207,يستطيع[1]
87673,ان,ان,29,22.t29,208,ان[3]
87673,يخرج,يخرج,30,22.t30,209,يخرج[1]
87674,اثبت,اثبت,1,23.t1,210,اثبت[1]
87674,فى,فى,2,23.t2,211,فى[1]
87674,بيوت,بيوت,3,23.t3,212,بيوت[1]
87674,الكبير,الكبير,4,23.t4,213,الكبير[1]
87674,يسمئ,يسمئ,5,23.t5,214,يسمئ[1]
87674,جيل,جيل,6,23.t6,215,جيل[1]
87674,فى,فى,7,23.t7,216,فى[2]
87674,كلام,كلام,8,23.t8,217,كلام[1]
87674,نصرانى,نصرانى,9,23.t9,218,نصرانى[1]
87674,ست,ست,10,23.t10,219,ست[1]
87674,عشري,عشري,11,23.t11,220,عشري[1]
87674,يوم,يوم,12,23.t12,221,يوم[1]
87674,وليلة,وليلة,13,23.t13,222,وليلة[1]
87675,فى,فى,1,24.t1,223,فى[1]
87675,اليوم,اليوم,2,24.t2,224,اليوم[1]
87675,الجمعة,الجمعة,3,24.t3,225,الجمعة[1]
87675,جأء,جأء,4,24.t4,226,جأء[1]
87675,الى,الى,5,24.t5,227,الى[1]
87675,الكبير,الكبير,6,24.t6,228,الكبير[1]
87675,افتح,افتح,7,24.t7,229,افتح[1]
87675,الباب,الباب,8,24.t8,230,الباب[1]
87675,البيوت,البيوت,9,24.t9,231,البيوت[1]
87676,رعئ,رعئ,1,25.t1,232,رعئ[1]
87676,رجال,رجال,2,25.t2,233,رجال[1]
87676,كثير,كثير,3,25.t3,234,كثير[1]
87676,كلهم,كلهم,4,25.t4,235,كلهم[1]
87676,نصرانى,نصرانى,5,25.t5,236,نصرانى[1]
87677,نادنى,نادنى,1,26.t1,237,نادنى[1]
87677,عير,عير,2,26.t2,238,عير[1]
87677,اسمك,اسمك,3,26.t3,239,اسمك[1]
87677,عسرعير,عسرعير,4,26.t4,240,عسرعير[1]
87677,سيد,سيد,5,26.t5,241,سيد[1]
87677,؟,,6,26.t6,242,[0]
87678,أنى,أنى,1,27.t1,243,أنى[1]
87678,لا,لا,2,27.t2,244,لا[1]
87678,يسمع,يسمع,3,27.t3,245,يسمع[1]
87678,كلام,كلام,4,27.t4,246,كلام[1]
87678,النصرانى,النصرانى,5,27.t5,247,النصرانى[1]
87679,رعئ,رعئ,1,28.t1,248,رعئ[1]
87679,رجل,رجل,2,28.t2,249,رجل[1]
87679,يسمئ,يسمئ,3,28.t3,250,يسمئ[1]
87679,بَابُ,باب,4,28.t4,251,باب[1]
87679,مَمْفَوَّد,ممفود,5,28.t5,252,ممفود[1]
87679,يتكمنى,يتكمنى,6,28.t6,253,يتكمنى[1]
87679,اخرج,اخرج,7,28.t7,254,اخرج[1]
87679,البيوت,البيوت,8,28.t8,255,البيوت[1]
87679,الكبير,الكبير,9,28.t9,256,الكبير[1]
87680,انى,انى,1,29.t1,257,انى[1]
87680,رضعت,رضعت,2,29.t2,258,رضعت[1]
87680,كثيرا,كثيرا,3,29.t3,259,كثيرا[1]
87681,يمشى,يمشى,1,30.t1,260,يمشى[1]
87681,معهم,معهم,2,30.t2,261,معهم[1]
87681,الى,الى,3,30.t3,262,الى[1]
87681,مكانهم,مكانهم,4,30.t4,263,مكانهم[1]
87682,اثبت,اثبت,1,31.t1,264,اثبت[1]
87682,فى,فى,2,31.t2,265,فى[1]
87682,المكان,المكان,3,31.t3,266,المكان[1]
87682,ممد,ممد,4,31.t4,267,ممد[1]
87682,اربع,اربع,5,31.t5,268,اربع[1]
87682,ليال,ليال,6,31.t6,269,ليال[1]
87682,ونهار,ونهار,7,31.t7,270,ونهار[1]
87683,رجل,رجل,1,32.t1,271,رجل[1]
87683,يسمئ,يسمئ,2,32.t2,272,يسمئ[1]
87683,ذيم,ذيم,3,32.t3,273,ذيم[1]
87683,عوين,عوين,4,32.t4,274,عوين[1]
87683,جوز,جوز,5,32.t5,275,جوز[1]
87683,بنت,بنت,6,32.t6,276,بنت[1]
87683,ممفد,ممفد,7,32.t7,277,ممفد[1]
87683,بنسه,بنسه,8,32.t8,278,بنسه[1]
87683,ممفد,ممفد,9,32.t9,279,ممفد[2]
87683,سالتنى,سالتنى,10,32.t10,280,سالتنى[1]
87683,رضعت,رضعت,11,32.t11,281,رضعت[1]
87683,يمشى,يمشى,12,32.t12,282,يمشى[1]
87683,فى,فى,13,32.t13,283,فى[1]
87683,المكان,المكان,14,32.t14,284,المكان[1]
87683,يسمئ,يسمئ,15,32.t15,285,يسمئ[2]
87683,بليدن,بليدن,16,32.t16,286,بليدن[1]
87684,نعم,نعم,1,33.t1,287,نعم[1]
87684,رضعت,رضعت,2,33.t2,288,رضعت[1]
87684,يمشى,يمشى,3,33.t3,289,يمشى[1]
87684,معهم,معهم,4,33.t4,290,معهم[1]
87685,اثبت,اثبت,1,34.t1,291,اثبت[1]
87685,فى,فى,2,34.t2,292,فى[1]
87685,المكان,المكان,3,34.t3,293,المكان[1]
87685,ذيم,ذيم,4,34.t4,294,ذيم[1]
87685,عوين,عوين,5,34.t5,295,عوين[1]
87685,الى,الى,6,34.t6,296,الى[1]
87685,الان,الان,7,34.t7,297,الان[1]
87686,قبل,قبل,1,35.t1,298,قبل[1]
87686,ان,ان,2,35.t2,299,ان[1]
87686,جاءنى,جاءنى,3,35.t3,300,جاءنى[1]
87686,في,في,4,35.t4,301,في[1]
87686,اليد,اليد,5,35.t5,302,اليد[1]
87686,ذخل,ذخل,6,35.t6,303,ذخل[1]
87686,عوين,عوين,7,35.t7,304,عوين[1]
87686,اشترى,اشترى,8,35.t8,305,اشترى[1]
87686,رجل,رجل,9,35.t9,306,رجل[1]
87686,يسمئ,يسمئ,10,35.t10,307,يسمئ[1]
87686,مذل,مذل,11,35.t11,308,مذل[1]
87687,جاءنى,جاءنى,1,36.t1,309,جاءنى[1]
87687,مذل,مذل,2,36.t2,310,مذل[1]
87687,سلتنى,سلتنى,3,36.t3,311,سلتنى[1]
87687,ايمشى,ايمشى,4,36.t4,312,ايمشى[1]
87687,الى,الى,5,36.t5,313,الى[1]
87687,مكان,مكان,6,36.t6,314,مكان[1]
87687,ذالستن,ذالستن,7,36.t7,315,ذالستن[1]
87688,انى,انى,1,37.t1,316,انى[1]
87688,لا,لا,2,37.t2,317,لا[1]
87688,لا,لا,3,37.t3,318,لا[2]
87688,لا,لا,4,37.t4,319,لا[3]
87688,لا,لا,5,37.t5,320,لا[4]
87688,لا,لا,6,37.t6,321,لا[5]
87688,لا,لا,7,37.t7,322,لا[6]
87688,لا,لا,8,37.t8,323,لا[7]
87688,ان,ان,9,37.t9,324,ان[2]
87688,يمشى,يمشى,10,37.t10,325,يمشى[1]
87688,فى,فى,11,37.t11,326,فى[1]
87688,المكان,المكان,12,37.t12,327,المكان[1]
87688,ذالستن,ذالستن,13,37.t13,328,ذالستن[1]
87689,انى,انى,1,38.t1,329,انى[1]
87689,اثبت,اثبت,2,38.t2,330,اثبت[1]
87689,فى,فى,3,38.t3,331,فى[1]
87689,اليد,اليد,4,38.t4,332,اليد[1]
87689,ذيم,ذيم,5,38.t5,333,ذيم[1]
87689,عوين,عوين,6,38.t6,334,عوين[1]
87690,يا,يا,1,39.t1,335,يا[1]
87690,اهل,اهل,2,39.t2,336,اهل[1]
87690,نوف,نوف,3,39.t3,337,نوف[1]
87690,ذالين,ذالين,4,39.t4,338,ذالين[1]
87690,يا,يا,5,39.t5,339,يا[2]
87690,اهل,اهل,6,39.t6,340,اهل[2]
87690,سوف,سوف,7,39.t7,341,سوف[1]
87690,ذالين,ذالين,8,39.t8,342,ذالين[2]
87690,يا,يا,9,39.t9,343,يا[3]
87690,اهل,اهل,10,39.t10,344,اهل[3]
87690,مركو,مركو,11,39.t11,345,مركو[1]
87690,كلهم,كلهم,12,39.t12,346,كلهم[1]
87690,هل,هل,13,39.t13,347,هل[4]
87690,فيكم,فيكم,14,39.t14,348,فيكم[1]
87690,رَجُلَيِن,رجلين,15,39.t15,349,رجلين[1]
87690,صَالِحَيْنِ,صالحين,16,39.t16,350,صالحين[1]
87690,يسمئ,يسمئ,17,39.t17,351,يسمئ[1]
87690,ذيم,ذيم,18,39.t18,352,ذيم[1]
87690,عوين,عوين,19,39.t19,353,عوين[1]
87690,مع,مع,20,39.t20,354,مع[1]
87690,ذونْ,ذون,21,39.t21,355,ذون[1]
87690,عوين,عوين,22,39.t22,356,عوين[2]
87690,هذا,هذا,23,39.t23,357,هذا[1]
87690,رَجُلينِ,رجلين,24,39.t24,358,رجلين[2]
87690,صَالِحَيْنِ,صالحين,25,39.t25,359,صالحين[2]
87691,كل,كل,1,40.t1,360,كل[1]
87691,من,من,2,40.t2,361,من[1]
87691,اكل,اكل,3,40.t3,362,اكل[1]
87691,انى,انى,4,40.t4,363,انى[1]
87691,اكلنى,اكلنى,5,40.t5,364,اكلنى[1]
87691,كل,كل,6,40.t6,365,كل[4]
87691,من,من,7,40.t7,366,من[2]
87691,يلبس,يلبس,8,40.t8,367,يلبس[1]
87691,اعطئ,اعطئ,9,40.t9,368,اعطئ[1]
87691,يلبس,يلبس,10,40.t10,369,يلبس[2]
87692,ذيم,ذيم,1,41.t1,370,ذيم[1]
87692,مع,مع,2,41.t2,371,مع[1]
87692,اخوتى,اخوتى,3,41.t3,372,اخوتى[1]
87692,يقرءنى,يقرءنى,4,41.t4,373,يقرءنى[1]
87692,الانجيل,الانجيل,5,41.t5,374,الانجيل[1]
87692,الله,الله,6,41.t6,375,الله[1]
87692,ربنا,ربنا,7,41.t7,376,ربنا[1]
87692,خالصنا,خالصنا,8,41.t8,377,خالصنا[1]
87692,ومالكنا,ومالكنا,9,41.t9,378,ومالكنا[1]
87692,ومصلح,ومصلح,10,41.t10,379,ومصلح[1]
87692,احوالنا,احوالنا,11,41.t11,380,احوالنا[1]
87692,حالا,حالا,12,41.t12,381,حالا[1]
87692,ومالا,ومالا,13,41.t13,382,ومالا[1]
87692,فضلا,فضلا,14,41.t14,383,فضلا[1]
87692,لا,لا,15,41.t15,384,لا[5]
87692,وجوبا,وجوبا,16,41.t16,385,وجوبا[1]
87692,اي,اي,17,41.t17,386,اي[1]
87692,قدرته,قدرته,18,41.t18,387,قدرته[1]
87693,افتح,افتح,1,42.t1,388,افتح[1]
87693,قلبى,قلبى,2,42.t2,389,قلبى[1]
87693,الى,الى,3,42.t3,390,الى[1]
87693,سبيل,سبيل,4,42.t4,391,سبيل[1]
87693,الهدئ,الهدئ,5,42.t5,392,الهدئ[1]
87693,الى,الى,6,42.t6,393,الى[2]
87693,سبيل,سبيل,7,42.t7,394,سبيل[2]
87693,يسوع,يسوع,8,42.t8,395,يسوع[1]
87693,المسيح,المسيح,9,42.t9,396,المسيح[1]
87693,الى,الى,10,42.t10,397,الى[3]
87693,نور,نور,11,42.t11,398,نور[1]
87693,عظيم,عظيم,12,42.t12,399,عظيم[1]
87694,قبل,قبل,1,43.t1,400,قبل[1]
87694,ان,ان,2,43.t2,401,ان[1]
87694,جاء,جاء,3,43.t3,402,جاء[1]
87694,الى,الى,4,43.t4,403,الى[1]
87694,بَلد,بلد,5,43.t5,404,بلد[1]
87694,النصرانى,النصرانى,6,43.t6,405,النصرانى[1]
87694,دينى,دينى,7,43.t7,406,دينى[1]
87694,دين,دين,8,43.t8,407,دين[2]
87694,محمد,محمد,9,43.t9,408,محمد[1]
87694,رسول,رسول,10,43.t10,409,رسول[1]
87694,الله,الله,11,43.t11,410,الله[1]
87694,صلى,صلى,12,43.t12,411,صلى[1]
87694,الله,الله,13,43.t13,412,الله[2]
87694,عليه,عليه,14,43.t14,413,عليه[1]
87694,وسلم,وسلم,15,43.t15,414,وسلم[1]
87695,يمشى,يمشى,1,44.t1,415,يمشى[1]
87695,إلى,إلى,2,44.t2,416,إلى[1]
87695,المسجد,المسجد,3,44.t3,417,المسجد[1]
87695,قبل,قبل,4,44.t4,418,قبل[1]
87695,طلوع,طلوع,5,44.t5,419,طلوع[1]
87695,الفجر,الفجر,6,44.t6,420,الفجر[1]
87695,يغسل,يغسل,7,44.t7,421,يغسل[1]
87695,وجه,وجه,8,44.t8,422,وجه[1]
87695,ورعس,ورعس,9,44.t9,423,ورعس[1]
87695,واليدين,واليدين,10,44.t10,424,واليدين[1]
87695,ورجلين,ورجلين,11,44.t11,425,ورجلين[1]
87696,يصلى,يصلى,1,45.t1,426,يصلى[1]
87696,وقت,وقت,2,45.t2,427,وقت[1]
87696,الظهر,الظهر,3,45.t3,428,الظهر[1]
87697,يصل,يصل,1,46.t1,429,يصل[1]
87697,وقت,وقت,2,46.t2,430,وقت[1]
87697,البعض,البعض,3,46.t3,431,البعض[1]
87698,يصلى,يصلى,1,47.t1,432,يصلى[1]
87698,وقت,وقت,2,47.t2,433,وقت[1]
87698,المغرب,المغرب,3,47.t3,434,المغرب[1]
87699,يصلىى,يصلىى,1,48.t1,435,يصلىى[1]
87699,وقت,وقت,2,48.t2,436,وقت[1]
87699,العشاء,العشاء,3,48.t3,437,العشاء[1]
87700,يصلى,يصلى,1,49.t1,438,يصلى[1]
87701,اعطى,اعطى,1,50.t1,439,اعطى[1]
87701,زكات,زكات,2,50.t2,440,زكات[1]
87701,كل,كل,3,50.t3,441,كل[1]
87701,سنة,سنة,4,50.t4,442,سنة[1]
87701,وذهب,وذهب,5,50.t5,443,وذهب[1]
87701,وفضة,وفضة,6,50.t6,444,وفضة[1]
87701,وزرع,وزرع,7,50.t7,445,وزرع[1]
87701,وبقر,وبقر,8,50.t8,446,وبقر[1]
87701,وضعن,وضعن,9,50.t9,447,وضعن[1]
87701,ومعز,ومعز,10,50.t10,448,ومعز[1]
87701,او,او,11,50.t11,449,او[1]
87701,لارز,لارز,12,50.t12,450,لارز[1]
87701,وقمح,وقمح,13,50.t13,451,وقمح[1]
87701,وصعير,وصعير,14,50.t14,452,وصعير[1]
87702,كلهم,كلهم,1,51.t1,453,كلهم[1]
87702,اعطى,اعطى,2,51.t2,454,اعطى[1]
87702,زكات,زكات,3,51.t3,455,زكات[1]
87702,يمشى,يمشى,4,51.t4,456,يمشى[1]
87702,الى,الى,5,51.t5,457,الى[1]
87702,الجهاد,الجهاد,6,51.t6,458,الجهاد[1]
87702,كل,كل,7,51.t7,459,كل[2]
87702,سنة,سنة,8,51.t8,460,سنة[1]
87702,الى,الى,9,51.t9,461,الى[2]
87702,الكفار,الكفار,10,51.t10,462,الكفار[1]
87703,يمشى,يمشى,1,52.t1,463,يمشى[1]
87703,الى,الى,2,52.t2,464,الى[1]
87703,المكا,المكا,3,52.t3,465,المكا[1]
87703,ومدينة,ومدينة,4,52.t4,466,ومدينة[1]
87703,لمن,لمن,5,52.t5,467,لمن[1]
87703,يستطيع,يستطيع,6,52.t6,468,يستطيع[1]
87704,ابوك,ابوك,1,53.t1,469,ابوك[1]
87704,يجد,يجد,2,53.t2,470,يجد[1]
87704,ست,ست,3,53.t3,471,ست[1]
87704,ولد,ولد,4,53.t4,472,ولد[1]
87704,مع,مع,5,53.t5,473,مع[1]
87704,خمس,خمس,6,53.t6,474,خمس[1]
87704,بنت,بنت,7,53.t7,475,بنت[1]
87705,وامى,وامى,1,54.t1,476,وامى[1]
87705,ثلاث,ثلاث,2,54.t2,477,ثلاث[1]
87705,ولد,ولد,3,54.t3,478,ولد[1]
87705,وبنت,وبنت,4,54.t4,479,وبنت[1]
87705,واحد,واحد,5,54.t5,480,واحد[1]
87706,انى,انى,1,55.t1,481,انى[1]
87706,يوم,يوم,2,55.t2,482,يوم[1]
87706,تركت,تركت,3,55.t3,483,تركت[1]
87706,من,من,4,55.t4,484,من[1]
87706,بلدنا,بلدنا,5,55.t5,485,بلدنا[1]
87706,سَنَتى,سنتى,6,55.t6,486,سنتى[1]
87706,سبع,سبع,7,55.t7,487,سبع[1]
87706,وثلاثين,وثلاثين,8,55.t8,488,وثلاثين[1]
87706,سَنةً,سنة,9,55.t9,489,سنة[1]
87707,مقام,مقام,1,56.t1,490,مقام[1]
87707,من,من,2,56.t2,491,من[1]
87707,البلد,البلد,3,56.t3,492,البلد[1]
87707,نصرانى,نصرانى,4,56.t4,493,نصرانى[1]
87707,اربع,اربع,5,56.t5,494,اربع[1]
87707,وعشرين,وعشرين,6,56.t6,495,وعشرين[1]
87707,سنة,سنة,7,56.t7,496,سنة[1]
87708,فى,فى,1,57.t1,497,فى[1]
87708,سَنَةِ,سنة,2,57.t2,498,سنة[1]
87708,واحد,واحد,3,57.t3,499,واحد[1]
87708,الف,الف,4,57.t4,500,الف[1]
87708,مع,مع,5,57.t5,501,مع[1]
87708,ثمانين,ثمانين,6,57.t6,502,ثمانين[1]
87708,مائة,مائة,7,57.t7,503,مائة[1]
87708,واحد,واحد,8,57.t8,504,واحد[2]
87708,مع,مع,9,57.t9,505,مع[2]
87708,ثلاثين,ثلاثين,10,57.t10,506,ثلاثين[1]
87708,سنة,سنة,11,57.t11,507,سنة[2]
87708,يسوع,يسوع,12,57.t12,508,يسوع[1]
87708,المسيح,المسيح,13,57.t13,509,المسيح[1]
87709,يا,يا,1,58.t1,510,يا[1]
87709,اهل,اهل,2,58.t2,511,اهل[1]
87709,نوف,نوف,3,58.t3,512,نوف[1]
87709,ذالين,ذالين,4,58.t4,513,ذالين[1]
87709,يا,يا,5,58.t5,514,يا[2]
87709,اهل,اهل,6,58.t6,515,اهل[2]
87709,سوف,سوف,7,58.t7,516,سوف[1]
87709,ذاليلين,ذاليلين,8,58.t8,517,ذاليلين[1]
87709,يا,يا,9,58.t9,518,يا[3]
87709,اهل,اهل,10,58.t10,519,اهل[3]
87709,مرْكن,مركن,11,58.t11,520,مركن[1]
87709,كلهم,كلهم,12,58.t12,521,كلهم[1]
87710,الاول,الاول,1,59.t1,522,الاول[1]
87710,الولد,الولد,2,59.t2,523,الولد[1]
87710,ذيم,ذيم,3,59.t3,524,ذيم[1]
87710,عوين,عوين,4,59.t4,525,عوين[1]
87710,يسمى,يسمى,5,59.t5,526,يسمى[1]
87710,تامس,تامس,6,59.t6,527,تامس[1]
87710,مع,مع,7,59.t7,528,مع[1]
87710,اخوت,اخوت,8,59.t8,529,اخوت[1]
87710,البنت,البنت,9,59.t9,530,البنت[1]
87710,يسمى,يسمى,10,59.t10,531,يسمى[2]
87710,مَاسَ,ماس,11,59.t11,532,ماس[1]
87710,ذِيْنِ,ذين,12,59.t12,533,ذين[1]
87711,هذا,هذا,1,60.t1,534,هذا[1]
87711,الجيل,الجيل,2,60.t2,535,الجيل[1]
87711,جيل,جيل,3,60.t3,536,جيل[2]
87711,جيد,جيد,4,60.t4,537,جيد[1]
87711,∵,,5,60.t5,538,[0]
87712,تُومْ,توم,1,61.t1,539,توم[1]
87712,عُوينْ,عوين,2,61.t2,540,عوين[1]
87712,نَلِ,نل,3,61.t3,541,نل[1]
87712,عُوينْ,عوين,4,61.t4,542,عوين[2]
87712,تلد,تلد,5,61.t5,543,تلد[1]
87712,اثنان,اثنان,6,61.t6,544,اثنان[1]
87712,ولد,ولد,7,61.t7,545,ولد[1]
87712,وبنت,وبنت,8,61.t8,546,وبنت[1]
87712,واحد,واحد,9,61.t9,547,واحد[1]
87713,ولد,ولد,1,62.t1,548,ولد[1]
87713,الاول,الاول,2,62.t2,549,الاول[1]
87713,يسمئ,يسمئ,3,62.t3,550,يسمئ[1]
87713,ذيم,ذيم,4,62.t4,551,ذيم[1]
87713,والاخر,والاخر,5,62.t5,552,والاخر[1]
87713,ذون,ذون,6,62.t6,553,ذون[1]
87713,وبنت,وبنت,7,62.t7,554,وبنت[1]
87713,يسمئ,يسمئ,8,62.t8,555,يسمئ[2]
87713,مُولْسِةْ,مولسة,9,62.t9,556,مولسة[1]
87714,سيد,سيد,1,63.t1,557,سيد[1]
87714,ذيم,ذيم,2,63.t2,558,ذيم[1]
87714,وبتسه,وبتسه,3,63.t3,559,وبتسه[1]
87714,جَوْزَتُهُ,جوزته,4,63.t4,560,جوزته[1]
87714,عوين,عوين,5,63.t5,561,عوين[1]
87714,تلد,تلد,6,63.t6,562,تلد[1]
87714,اثنان,اثنان,7,63.t7,563,اثنان[1]
87714,ولد,ولد,8,63.t8,564,ولد[1]
87714,وخمس,وخمس,9,63.t9,565,وخمس[1]
87714,بنات,بنات,10,63.t10,566,بنات[1]
87715,الاول,الاول,1,64.t1,567,الاول[1]
87715,تومْ,توم,2,64.t2,568,توم[1]
87715,ذُونْ,ذون,3,64.t3,569,ذون[1]
87715,وَمَاسَهْ,وماسه,4,64.t4,570,وماسه[1]
87715,ومرْيَمَ,ومريم,5,64.t5,571,ومريم[1]
87715,وسُفَايهْ,وسفايه,6,64.t6,572,وسفايه[1]
87715,ومَاكِتْ,وماكت,7,64.t7,573,وماكت[1]
87715,وَلَيْسَهْ,وليسه,8,64.t8,574,وليسه[1]
87716,هَذَا,هذا,1,65.t1,575,هذا[1]
87716,الجْيلُ,الجيل,2,65.t2,576,الجيل[1]
87716,جَيلٌ,جيل,3,65.t3,577,جيل[2]
87716,جيدٌ,جيد,4,65.t4,578,جيد[1]
87716,جداً,جدا,5,65.t5,579,جدا[1]
87717,وذون,وذون,1,66.t1,580,وذون[1]
87717,عوين,عوين,2,66.t2,581,عوين[1]
87717,زوجته,زوجته,3,66.t3,582,زوجته[1]
87717,يسمئ,يسمئ,4,66.t4,583,يسمئ[1]
87717,لوسه,لوسه,5,66.t5,584,لوسه[1]
87717,زوجة,زوجة,6,66.t6,585,زوجة[1]
87717,صالحة,صالحة,7,66.t7,586,صالحة[1]
87717,تلد,تلد,8,66.t8,587,تلد[1]
87717,ثلات,ثلات,9,66.t9,588,ثلات[1]
87717,واثنان,واثنان,10,66.t10,589,واثنان[1]
87717,والد,والد,11,66.t11,590,والد[1]
87718,مات,مات,1,67.t1,591,مات[1]
87718,ثلاث,ثلاث,2,67.t2,592,ثلاث[1]
87718,وبقى,وبقى,3,67.t3,593,وبقى[1]
87718,اثنان,اثنان,4,67.t4,594,اثنان[1]
87719,يا,يا,1,68.t1,595,يا[1]
87719,اهل,اهل,2,68.t2,596,اهل[1]
87719,مركن,مركن,3,68.t3,597,مركن[1]
87719,يا,يا,4,68.t4,598,يا[2]
87719,اهل,اهل,5,68.t5,599,اهل[2]
87719,نُوفْ,نوف,6,68.t6,600,نوف[1]
87719,ذَالَيْن,ذالين,7,68.t7,601,ذالين[1]
87719,هل,هل,8,68.t8,602,هل[3]
87719,فيكم,فيكم,9,68.t9,603,فيكم[1]
87719,هَل,هل,10,68.t10,604,هل[4]
87719,فِيكُمْ,فيكم,11,68.t11,605,فيكم[2]
87719,هَل,هل,12,68.t12,606,هل[5]
87719,فِيكُمْ,فيكم,13,68.t13,607,فيكم[3]
87719,هل,هل,14,68.t14,608,هل[6]
87719,فِيكُمُ,فيكم,15,68.t15,609,فيكم[4]
87719,اِلَى,الى,16,68.t16,610,الى[1]
87719,الْجَيْلِ,الجيل,17,68.t17,611,الجيل[1]
87719,الْجِيدِ,الجيد,18,68.t18,612,الجيد[1]
87719,خَافُ,خاف,19,68.t19,613,خاف[1]
87719,اللهَ,الله,20,68.t20,614,الله[1]
87719,جِدًا,جدا,21,68.t21,615,جدا[1]
87720,انى,انى,1,69.t1,616,انى[1]
87720,عمر,عمر,2,69.t2,617,عمر[1]
87720,يحب,يحب,3,69.t3,618,يحب[1]
87720,يقرء,يقرء,4,69.t4,619,يقرء[1]
87720,الكتاب,الكتاب,5,69.t5,620,الكتاب[1]
87720,القراءان,القراءان,6,69.t6,621,القراءان[1]
87720,العظيم,العظيم,7,69.t7,622,العظيم[1]
87721,ذِنَلْ,ذنل,1,70.t1,623,ذنل[1]
87721,ذِيم,ذيم,2,70.t2,624,ذيم[1]
87721,عوين,عوين,3,70.t3,625,عوين[1]
87721,مع,مع,4,70.t4,626,مع[1]
87721,زوجته,زوجته,5,70.t5,627,زوجته[1]
87721,∵,,6,70.t6,628,[0]
87721,يقرء,يقرء,7,70.t7,629,يقرء[1]
87721,الانجيل,الانجيل,8,70.t8,630,الانجيل[1]
87722,يقرءنى,يقرءنى,1,71.t1,631,يقرءنى[1]
87722,الانجيل,الانجيل,2,71.t2,632,الانجيل[1]
87722,كثيرا,كثيرا,3,71.t3,633,كثيرا[1]
87722,الله,الله,4,71.t4,634,الله[1]
87722,ربنا,ربنا,5,71.t5,635,ربنا[1]
87722,خالقنا,خالقنا,6,71.t6,636,خالقنا[1]
87722,وما,وما,7,71.t7,637,وما[1]
87722,لكنا,لكنا,8,71.t8,638,لكنا[1]
87722,ومصلح,ومصلح,9,71.t9,639,ومصلح[1]
87722,احوالنا,احوالنا,10,71.t10,640,احوالنا[1]
87722,حالاومالا,حالاومالا,11,71.t11,641,حالاومالا[1]
87722,فضلا,فضلا,12,71.t12,642,فضلا[1]
87722,لا,لا,13,71.t13,643,لا[5]
87722,وجوبا,وجوبا,14,71.t14,644,وجوبا[1]
87722,ل,ل,15,71.t15,645,ل[13]
87722,قدرته,قدرته,16,71.t16,646,قدرته[1]
87723,افتح,افتح,1,72.t1,647,افتح[1]
87723,قلبى,قلبى,2,72.t2,648,قلبى[1]
87723,الى,الى,3,72.t3,649,الى[1]
87723,الانجيل,الانجيل,4,72.t4,650,الانجيل[1]
87723,الى,الى,5,72.t5,651,الى[2]
87723,سبيل,سبيل,6,72.t6,652,سبيل[1]
87723,الهدئ,الهدئ,7,72.t7,653,الهدئ[1]
87724,الحمد,الحمد,1,73.t1,654,الحمد[1]
87724,الله,الله,2,73.t2,655,الله[1]
87724,رب,رب,3,73.t3,656,رب[1]
87724,العلمين,العلمين,4,73.t4,657,العلمين[1]
87724,حمدا,حمدا,5,73.t5,658,حمدا[1]
87724,كثيرا,كثيرا,6,73.t6,659,كثيرا[1]
87725,يوافر,يوافر,1,74.t1,660,يوافر[1]
87725,من,من,2,74.t2,661,من[1]
87725,النعم,النعم,3,74.t3,662,النعم[1]
87725,ما,ما,4,74.t4,663,ما[1]
87725,تزايد,تزايد,5,74.t5,664,تزايد[1]
87725,من,من,6,74.t6,665,من[2]
87725,الخير,الخير,7,74.t7,666,الخير[1]
87726,من,من,1,75.t1,667,من[1]
87726,اجل,اجل,2,75.t2,668,اجل[1]
87726,ان,ان,3,75.t3,669,ان[1]
87726,الشرع,الشرع,4,75.t4,670,الشرع[1]
87726,بموسى,بموسى,5,75.t5,671,بموسى[1]
87726,اعطى,اعطى,6,75.t6,672,اعطى[1]
87726,والنعمة,والنعمة,7,75.t7,673,والنعمة[1]
87726,والحق,والحق,8,75.t8,674,والحق[1]
87726,كانا,كانا,9,75.t9,675,كانا[1]
87726,بيسوع,بيسوع,10,75.t10,676,بيسوع[1]
87726,المسيح,المسيح,11,75.t11,677,المسيح[1]
87726,∵,,12,75.t12,678,[0]
87727,∵,,1,76.t1,679,[0]
87727,الاول,الاول,2,76.t2,680,الاول[1]
87727,محمد,محمد,3,76.t3,681,محمد[1]
87727,ان,ان,4,76.t4,682,ان[1]
87727,يصلى,يصلى,5,76.t5,683,يصلى[1]
87727,قال,قال,6,76.t6,684,قال[1]
87727,الحمد,الحمد,7,76.t7,685,الحمد[1]
87727,الله,الله,8,76.t8,686,الله[1]
87727,رب,رب,9,76.t9,687,رب[1]
87727,العلمين,العلمين,10,76.t10,688,العلمين[1]
87727,الرحمن,الرحمن,11,76.t11,689,الرحمن[1]
87727,الرحيم,الرحيم,12,76.t12,690,الرحيم[1]
87727,ملك,ملك,13,76.t13,691,ملك[1]
87727,يوم,يوم,14,76.t14,692,يوم[1]
87727,الدين,الدين,15,76.t15,693,الدين[1]
87727,اياك,اياك,16,76.t16,694,اياك[1]
87727,بعبد,بعبد,17,76.t17,695,بعبد[1]
87727,واياك,واياك,18,76.t18,696,واياك[1]
87727,نستعين,نستعين,19,76.t19,697,نستعين[1]
87728,اهدنا,اهدنا,1,77.t1,698,اهدنا[1]
87728,الصراط,الصراط,2,77.t2,699,الصراط[1]
87728,المستقيم,المستقيم,3,77.t3,700,المستقيم[1]
87728,صراط,صراط,4,77.t4,701,صراط[2]
87728,الذين,الذين,5,77.t5,702,الذين[1]
87728,انعمت,انعمت,6,77.t6,703,انعمت[1]
87728,عليهم,عليهم,7,77.t7,704,عليهم[1]
87728,غير,غير,8,77.t8,705,غير[1]
87728,المعضوب,المعضوب,9,77.t9,706,المعضوب[1]
87728,عليهم,عليهم,10,77.t10,707,عليهم[2]
87728,ولا,ولا,11,77.t11,708,ولا[1]
87728,الضالين,الضالين,12,77.t12,709,الضالين[1]
87728,ء,ء,13,77.t13,710,ء[1]
87729,∵,,1,78.t1,711,[0]
87729,ءامين,ءامين,2,78.t2,712,ءامين[1]
87730,والان,والان,1,79.t1,713,والان[1]
87730,يصلى,يصلى,2,79.t2,714,يصلى[1]
87730,قول,قول,3,79.t3,715,قول[1]
87730,ربنا,ربنا,4,79.t4,716,ربنا[1]
87730,يسوع,يسوع,5,79.t5,717,يسوع[1]
87730,المسيح,المسيح,6,79.t6,718,المسيح[1]
87731,يا,يا,1,80.t1,719,يا[1]
87731,ابانا,ابانا,2,80.t2,720,ابانا[1]
87731,الذى,الذى,3,80.t3,721,الذى[1]
87731,فى,فى,4,80.t4,722,فى[1]
87731,السموات,السموات,5,80.t5,723,السموات[1]
87731,يتقدس,يتقدس,6,80.t6,724,يتقدس[1]
87731,اسمك,اسمك,7,80.t7,725,اسمك[1]
87731,تاتى,تاتى,8,80.t8,726,تاتى[1]
87732,ملكوتك,ملكوتك,1,81.t1,727,ملكوتك[1]
87732,تكون,تكون,2,81.t2,728,تكون[1]
87732,مشيتك,مشيتك,3,81.t3,729,مشيتك[1]
87732,كما,كما,4,81.t4,730,كما[1]
87732,فى,فى,5,81.t5,731,فى[1]
87732,السماء,السماء,6,81.t6,732,السماء[1]
87732,وعلى,وعلى,7,81.t7,733,وعلى[1]
87732,الارض,الارض,8,81.t8,734,الارض[1]
87733,خبزن,خبزن,1,82.t1,735,خبزن[1]
87733,الذا,الذا,2,82.t2,736,الذا[1]
87733,للقدى,للقدى,3,82.t3,737,للقدى[1]
87733,اعطنا,اعطنا,4,82.t4,738,اعطنا[1]
87733,اليوم,اليوم,5,82.t5,739,اليوم[1]
87733,واغفر,واغفر,6,82.t6,740,واغفر[1]
87733,لنا,لنا,7,82.t7,741,لنا[1]
87733,ما,ما,8,82.t8,742,ما[1]
87733,علينا,علينا,9,82.t9,743,علينا[1]
87733,كما,كما,10,82.t10,744,كما[1]
87733,نغفر,نغفر,11,82.t11,745,نغفر[1]
87733,نحن,نحن,12,82.t12,746,نحن[1]
87733,لمن,لمن,13,82.t13,747,لمن[1]
87733,لنا,لنا,14,82.t14,748,لنا[2]
87733,عليه,عليه,15,82.t15,749,عليه[1]
87734,ولا,ولا,1,83.t1,750,ولا[1]
87734,تدخلنا,تدخلنا,2,83.t2,751,تدخلنا[1]
87734,التجارب,التجارب,3,83.t3,752,التجارب[1]
87734,لكن,لكن,4,83.t4,753,لكن[1]
87734,نجنا,نجنا,5,83.t5,754,نجنا[1]
87734,من,من,6,83.t6,755,من[1]
87734,الشرير,الشرير,7,83.t7,756,الشرير[1]
87735,فان,فان,1,84.t1,757,فان[1]
87735,لك,لك,2,84.t2,758,لك[1]
87735,الملك,الملك,3,84.t3,759,الملك[1]
87735,والقوة,والقوة,4,84.t4,760,والقوة[1]
87735,والمجد,والمجد,5,84.t5,761,والمجد[1]
87735,الى,الى,6,84.t6,762,الى[1]
87735,الابد,الابد,7,84.t7,763,الابد[1]
87736,ءامين,ءامين,1,85.t1,764,ءامين[1]
87737,انى,انى,1,86.t1,765,انى[1]
87737,مقام,مقام,2,86.t2,766,مقام[1]
87737,فى,فى,3,86.t3,767,فى[1]
87737,بلدنا,بلدنا,4,86.t4,768,بلدنا[1]
87737,بسبب,بسبب,5,86.t5,769,بسبب[1]
87737,الضرر,الضرر,6,86.t6,770,الضرر[1]
87737,العظيم,العظيم,7,86.t7,771,العظيم[1]
87738,اخذ,اخذ,1,87.t1,772,اخذ[1]
87738,الكفار,الكفار,2,87.t2,773,الكفار[1]
87738,ظلما,ظلما,3,87.t3,774,ظلما[1]
87738,باعوا,باعوا,4,87.t4,775,باعوا[1]
87738,الى,الى,5,87.t5,776,الى[1]
87738,يد,يد,6,87.t6,777,يد[1]
87738,النصرانىّ,النصرانى,7,87.t7,778,النصرانى[1]
87739,اشترى,اشترى,1,88.t1,779,اشترى[1]
87739,يمشى,يمشى,2,88.t2,780,يمشى[1]
87739,الى,الى,3,88.t3,781,الى[1]
87739,البحر,البحر,4,88.t4,782,البحر[1]
87739,الكبير,الكبير,5,88.t5,783,الكبير[1]
87739,شهر,شهر,6,88.t6,784,شهر[1]
87739,ونصف,ونصف,7,88.t7,785,ونصف[1]
87739,شهر,شهر,8,88.t8,786,شهر[2]
87739,الى,الى,9,88.t9,787,الى[2]
87739,مكان,مكان,10,88.t10,788,مكان[1]
87739,يسمى,يسمى,11,88.t11,789,يسمى[1]
87739,ذالستن,ذالستن,12,88.t12,790,ذالستن[1]
87739,فى,فى,13,88.t13,791,فى[1]
87739,كلام,كلام,14,88.t14,792,كلام[1]
87739,النصرنى,النصرنى,15,88.t15,793,النصرنى[1]
87740,انى,انى,1,89.t1,794,انى[1]
87740,سقت,سقت,2,89.t2,795,سقت[1]
87740,فى,فى,3,89.t3,796,فى[1]
87740,اليد,اليد,4,89.t4,797,اليد[1]
87740,رِجَيْلٌ,رجيل,5,89.t5,798,رجيل[1]
87740,صغيرٌ,صغير,6,89.t6,799,صغير[1]
87740,ضعينٌ,ضعين,7,89.t7,800,ضعين[1]
87740,سوء,سوء,8,89.t8,801,سوء[1]
87740,لا,لا,9,89.t9,802,لا[1]
87740,خاف,خاف,10,89.t10,803,خاف[1]
87740,الله,الله,11,89.t11,804,الله[1]
87740,شرء,شرء,12,89.t12,805,شرء[1]
87740,لا,لا,13,89.t13,806,لا[2]
87740,يقرء,يقرء,14,89.t14,807,يقرء[1]
87740,لا,لا,15,89.t15,808,لا[3]
87740,يصلى,يصلى,16,89.t16,809,يصلى[1]
87741,انى,انى,1,90.t1,810,انى[1]
87741,خاف,خاف,2,90.t2,811,خاف[1]
87741,ان,ان,3,90.t3,812,ان[2]
87741,يثبت,يثبت,4,90.t4,813,يثبت[1]
87741,رجيل,رجيل,5,90.t5,814,رجيل[1]
87741,سوء,سوء,6,90.t6,815,سوء[1]
87741,كثير,كثير,7,90.t7,816,كثير[1]
87741,ذنوب,ذنوب,8,90.t8,817,ذنوب[1]
87742,اني,اني,1,91.t1,818,اني[1]
87742,يفر,يفر,2,91.t2,819,يفر[1]
87742,الى,الى,3,91.t3,820,الى[1]
87742,شهراء,شهراء,4,91.t4,821,شهراء[1]
87743,الله,الله,1,92.t1,822,الله[1]
87743,ربنا,ربنا,2,92.t2,823,ربنا[1]
87743,يفد,يفد,3,92.t3,824,يفد[1]
87743,منا,منا,4,92.t4,825,منا[1]
87743,الى,الى,5,92.t5,826,الى[1]
87743,يد,يد,6,92.t6,827,يد[1]
87743,رجل,رجل,7,92.t7,828,رجل[1]
87743,صالح,صالح,8,92.t8,829,صالح[1]
87743,خاف,خاف,9,92.t9,830,خاف[1]
87743,الله,الله,10,92.t10,831,الله[2]
87743,يحب,يحب,11,92.t11,832,يحب[1]
87743,يعمل,يعمل,12,92.t12,833,يعمل[1]
87743,عملا,عملا,13,92.t13,834,عملا[1]
87743,صالحا,صالحا,14,92.t14,835,صالحا[1]
87744,يسمى,يسمى,1,93.t1,836,يسمى[1]
87744,ذِنَلْ,ذنل,2,93.t2,837,ذنل[1]
87744,ذِيمْ,ذيم,3,93.t3,838,ذيم[1]
87744,عُوينْ,عوين,4,93.t4,839,عوين[1]
87745,مع,مع,1,94.t1,840,مع[1]
87745,اخوتهم,اخوتهم,2,94.t2,841,اخوتهم[1]
87745,يسمى,يسمى,3,94.t3,842,يسمى[1]
87745,كَمُنَهْ,كمنه,4,94.t4,843,كمنه[1]
87745,ذونْ,ذون,5,94.t5,844,ذون[1]
87745,عُويِنْ,عوين,6,94.t6,845,عوين[1]
87746,هذا,هذا,1,95.t1,846,هذا[1]
87746,رَجليْنِ,رجلين,2,95.t2,847,رجلين[1]
87746,صَالحَينِ,صالحين,3,95.t3,848,صالحين[1]
87747,انى,انى,1,96.t1,849,انى[1]
87747,بثبت,بثبت,2,96.t2,850,بثبت[1]
87747,فى,فى,3,96.t3,851,فى[1]
87747,مَكَانٍ,مكان,4,96.t4,852,مكان[1]
87747,بليدٍ,بليد,5,96.t5,853,بليد[1]
87747,كَوْتٍ,كوت,6,96.t6,854,كوت[1]
87748,انى,انى,1,97.t1,855,انى[1]
87748,ثبت,ثبت,2,97.t2,856,ثبت[1]
87748,فى,فى,3,97.t3,857,فى[1]
87748,اليد,اليد,4,97.t4,858,اليد[1]
87748,ذيم,ذيم,5,97.t5,859,ذيم[1]
87748,عوين,عوين,6,97.t6,860,عوين[1]
87749,لا,لا,1,98.t1,861,لا[1]
87749,يضرب,يضرب,2,98.t2,862,يضرب[1]
87750,لا,لا,1,99.t1,863,لا[1]
87750,ستمر,ستمر,2,99.t2,864,ستمر[1]
87751,لا,لا,1,100.t1,865,لا[1]
87751,جوع,جوع,2,100.t2,866,جوع[1]
87752,لا,لا,1,101.t1,867,لا[1]
87752,عرو,عرو,2,101.t2,868,عرو[1]
87753,لا,لا,1,102.t1,869,لا[1]
87753,عمل,عمل,2,102.t2,870,عمل[1]
87753,شديد,شديد,3,102.t3,871,شديد[1]
87753,انى,انى,4,102.t4,872,انى[1]
87753,لا,لا,5,102.t5,873,لا[2]
87753,يستطيع,يستطيع,6,102.t6,874,يستطيع[1]
87753,ان,ان,7,102.t7,875,ان[2]
87753,يعمل,يعمل,8,102.t8,876,يعمل[1]
87753,عملا,عملا,9,102.t9,877,عملا[1]
87753,شديدا,شديدا,10,102.t10,878,شديدا[1]
87753,انى,انى,11,102.t11,879,انى[2]
87753,رجل,رجل,12,102.t12,880,رجل[1]
87753,صغير,صغير,13,102.t13,881,صغير[1]
87753,مريض,مريض,14,102.t14,882,مريض[1]
87754,ثبت,ثبت,1,103.t1,883,ثبت[1]
87754,عشرين,عشرين,2,103.t2,884,عشرين[1]
87754,سنة,سنة,3,103.t3,885,سنة[1]
87754,لا,لا,4,103.t4,886,لا[1]
87754,يرى,يرى,5,103.t5,887,يرى[1]
87754,ضرر,ضرر,6,103.t6,888,ضرر[1]
87754,شىء,شىء,7,103.t7,889,شىء[1]
87754,من,من,8,103.t8,890,من[1]
87754,يد,يد,9,103.t9,891,يد[1]
87754,ذيم,ذيم,10,103.t10,892,ذيم[1]
87754,عوين,عوين,11,103.t11,893,عوين[1]
