value,punctuation,space_after,position,ve_ref,idx
عمر,,,1,1.1.t1,0
إلى,,,2,1.1.t2,1
شيخ,,,3,1.1.t3,2
حنت,,n,4,1.1.t4,3
ه,,,5,1.1.t5,4
سألت,,n,1,1.2.t1,5
ني,,,2,1.2.t2,6
أن,,,3,1.2.t3,7
أكتب,,,4,1.2.t4,8
الحياتي,,,5,1.2.t5,9
أنا,,,6,1.2.t6,10
لا,,,7,1.2.t7,11
يستطيع,,,8,1.2.t8,12
أن,,,9,1.2.t9,13
أكتب,,,10,1.2.t10,14
الحياتي,,,11,1.2.t11,15
أنا,,,12,1.2.t12,16
ناشى,,,13,1.2.t13,17
كثيرا,,,14,1.2.t14,18
الكلامي,,,15,1.2.t15,19
مع,,,16,1.2.t16,20
الكلام,,,17,1.2.t17,21
العرب,,,18,1.2.t18,22
أنا,,,1,1.3.t1,23
لا,,,2,1.3.t2,24
يقرع,,,3,1.3.t3,25
نحويا,,,4,1.3.t4,26
إلا,,,5,1.3.t5,27
قليلا,,,6,1.3.t6,28
لا,,,7,1.3.t7,29
لغويا,,,8,1.3.t8,30
إلا,,,9,1.3.t9,31
قليلا,,,10,1.3.t10,32
يا,,,1,1.4.t1,33
إخوة,,n,2,1.4.t2,34
ي,,,3,1.4.t3,35
سألت,,n,4,1.4.t4,36
ك,,,5,1.4.t5,37
بالله,,,6,1.4.t6,38
لا,,,7,1.4.t7,39
تلوموا,,n,8,1.4.t8,40
ني,,,9,1.4.t9,41
أنا,,,10,1.4.t10,42
العين,,,11,1.4.t11,43
ضعيف,,,12,1.4.t12,44
الجسد,,,13,1.4.t13,45
ك,,n,14,1.4.t14,46
ذال,,n,15,1.4.t15,47
ك,,,16,1.4.t16,48
أسمى,,,1,1.5.t1,49
عمر,,,2,1.5.t2,50
ابن,,,3,1.5.t3,51
سيد,,,4,1.5.t4,52
مكان,,,5,1.5.t5,53
مولدي,,n,6,1.5.t6,54
ي,,,7,1.5.t7,55
فوت,,,8,1.5.t8,56
تور,,,9,1.5.t9,57
بين,,,10,1.5.t10,58
البحرين,,,11,1.5.t11,59
طلب,,,1,1.6.t1,60
العلم,,,2,1.6.t2,61
بند,,,3,1.6.t3,62
و,,n,4,1.6.t4,63
فوت,,,5,1.6.t5,64
شيخ,,,6,1.6.t6,65
يسمى,,,7,1.6.t7,66
محمد,,,8,1.6.t8,67
سيد,,,9,1.6.t9,68
إخوة,,n,10,1.6.t10,69
ي,,,11,1.6.t11,70
و,,n,12,1.6.t12,71
شيح,,,13,1.6.t13,72
سليمان,,,14,1.6.t14,73
كمبه,,,15,1.6.t15,74
و,,n,16,1.6.t16,75
شيخ,,,17,1.6.t17,76
جبريل,,,18,1.6.t18,77
عبدل,,,19,1.6.t19,78
أنا,,,1,1.7.t1,79
يثبت,,,2,1.7.t2,80
طالب,,,3,1.7.t3,81
العلم,,,4,1.7.t4,82
خمس,,,5,1.7.t5,83
و,,n,6,1.7.t6,84
عشرين,,,7,1.7.t7,85
سنة,,,8,1.7.t8,86
باء,,,1,1.8.t1,87
في,,,2,1.8.t2,88
مكان,,n,3,1.8.t3,89
ي,,,4,1.8.t4,90
ستة,,,5,1.8.t5,91
سنة,,,6,1.8.t6,92
جاء,,,1,1.9.t1,93
في,,,2,1.9.t2,94
بلد,,n,3,1.9.t3,95
نا,,,4,1.9.t4,96
جيش,,,5,1.9.t5,97
كبير,,,6,1.9.t6,98
قتل,,,1,2.1.t1,99
الإنسان,,,2,2.1.t2,100
كثيرا,,,3,2.1.t3,101
خذ,,n,4,2.1.t4,102
ني,,,5,2.1.t5,103
يمشى,,,6,2.1.t6,104
كبر,,,7,2.1.t7,105
البحر,,,8,2.1.t8,106
باعوا,,,9,2.1.t9,107
في,,,10,2.1.t10,108
يد,,,11,2.1.t11,109
النصراني,,,12,2.1.t12,110
في,,,13,2.1.t13,111
استرى,,,14,2.1.t14,112
يمشى,,,15,2.1.t15,113
إلى,,,16,2.1.t16,114
الشفينة,,,17,2.1.t17,115
الكبير,,,18,2.1.t18,116
البحر,,,19,2.1.t19,117
الكبير,,,20,2.1.t20,118
يمشى,,,1,3.1.t1,119
في,,,2,3.1.t2,120
البحر,,,3,3.1.t3,121
الكبير,,,4,3.1.t4,122
شهر,,,5,3.1.t5,123
و,,n,6,3.1.t6,124
نصف,,,7,3.1.t7,125
شهر,,,8,3.1.t8,126
جاء,,,9,3.1.t9,127
في,,,10,3.1.t10,128
المكان,,,11,3.1.t11,129
يسمى,,,12,3.1.t12,130
ذالستن,,,13,3.1.t13,131
في,,,14,3.1.t14,132
كلام,,,15,3.1.t15,133
نصرا,,n,16,3.1.t16,134
ني,,,17,3.1.t17,135
باعوا,,,18,3.1.t18,136
اشترى,,,1,3.2.t1,137
رجيل,,,2,3.2.t2,138
صغير,,,3,3.2.t3,139
ضعيف,,,4,3.2.t4,140
سوء,,,5,3.2.t5,141
يسمى,,,1,3.3.t1,142
ذونسن,,,2,3.3.t2,143
كافر,,,1,3.4.t1,144
جدا,,,2,3.4.t2,145
لا,,,3,3.4.t3,146
خاف,,,4,3.4.t4,147
الله,,,5,3.4.t5,148
شيء,,n,6,3.4.t6,149
∵,y,,7,3.4.t7,150
أنا,,,1,3.5.t1,151
رجل,,,2,3.5.t2,152
صغير,,,3,3.5.t3,153
لا,,,4,3.5.t4,154
يستطيع,,,5,3.5.t5,155
عن,,,6,3.5.t6,156
يعمل,,,7,3.5.t7,157
عملا,,,8,3.5.t8,158
شديدا,,,9,3.5.t9,159
يفر,,,1,3.6.t1,160
من,,,2,3.6.t2,161
يد,,,3,3.6.t3,162
ذونسن,,,4,3.6.t4,163
إلى,,,1,3.7.t1,164
شهراء,,,2,3.7.t2,165
يمشى,,,3,3.7.t3,166
إلى,,,4,3.7.t4,167
مكان,,,5,3.7.t5,168
يسمى,,,6,3.7.t6,169
ف,,n,7,3.7.t7,170
يدل,,,8,3.7.t8,171
رعى,,,1,3.8.t1,172
بيوت,,,2,3.8.t2,173
في,,,1,3.9.t1,174
شهراء,,,2,3.9.t2,175
أدخل,,,3,3.9.t3,176
في,,,4,3.9.t4,177
البيوت,,,5,3.9.t5,178
كي,,,6,3.9.t6,179
يصلئ,,,7,3.9.t7,180
رعى,,,1,3.10.t1,181
صبي,,n,2,3.10.t2,182
ه,,,3,3.10.t3,183
يركب,,,4,3.10.t4,184
الخيل,,,5,3.10.t5,185
صبي,,n,1,3.11.t1,186
ه,,,2,3.11.t2,187
جاء,,,3,3.11.t3,188
في,,,4,3.11.t4,189
المكان,,,5,3.11.t5,190
أبو,,n,6,3.11.t6,191
ه,,,7,3.11.t7,192
يتكم,,,8,3.11.t8,193
أبو,,n,9,3.11.t9,194
ه,,,10,3.11.t10,195
أنا,,,11,3.11.t11,196
ارعمئ,,,12,3.11.t12,197
رجل,,,13,3.11.t13,198
سودانا,,,14,3.11.t14,199
في,,,15,3.11.t15,200
البوت,,,16,3.11.t16,201
الشهر,,,17,3.11.t17,202
رجل,,,1,3.12.t1,203
يسمى,,,2,3.12.t2,204
هند,,n,3,3.12.t3,205
ه,,,4,3.12.t4,206
رجل,,,5,3.12.t5,207
آخر,,,6,3.12.t6,208
واحد,,,7,3.12.t7,209
منهمى,,,8,3.12.t8,210
يركب,,,9,3.12.t9,211
الخيل,,,10,3.12.t10,212
مع,,,11,3.12.t11,213
الكلب,,,12,3.12.t12,214
كثير,,,13,3.12.t13,215
أخذ,,n,14,3.12.t14,216
ني,,,15,3.12.t15,217
يمشى,,,16,3.12.t16,218
مع,,n,17,3.12.t17,219
هم,,,18,3.12.t18,220
ٱثنا,,,19,3.12.t19,221
عشر,,,20,3.12.t20,222
أميال,,,21,3.12.t21,223
في,,,22,3.12.t22,224
مكان,,,23,3.12.t23,225
يسمى,,,24,3.12.t24,226
ف,,n,25,3.12.t25,227
يدل,,,26,3.12.t26,228
إلى,,,27,3.12.t27,229
بيوت,,,28,3.12.t28,230
كبير,,,29,3.12.t29,231
أنا,,,30,3.12.t30,232
لا,,,31,3.12.t31,233
يستطيع,,,32,3.12.t32,234
أن,,,33,3.12.t33,235
يخرج,,,34,3.12.t34,236
أثبت,,,1,3.13.t1,237
في,,,2,3.13.t2,238
بيوت,,,3,3.13.t3,239
الكبير,,,4,3.13.t4,240
يسمئ,,,5,3.13.t5,241
جيل,,,6,3.13.t6,242
في,,,7,3.13.t7,243
كلام,,,8,3.13.t8,244
نصرا,,n,9,3.13.t9,245
نا,,,10,3.13.t10,246
ست,,,11,3.13.t11,247
عشر,,n,12,3.13.t12,248
ي,,,13,3.13.t13,249
يوم,,,14,3.13.t14,250
و,,n,15,3.13.t15,251
ليلة,,,16,3.13.t16,252
في,,,1,4.1.t1,253
اليوم,,,2,4.1.t2,254
الجمعة,,,3,4.1.t3,255
جاء,,,4,4.1.t4,256
إلى,,,5,4.1.t5,257
الكبير,,,6,4.1.t6,258
أفتح,,,7,4.1.t7,259
الباب,,,8,4.1.t8,260
البيوت,,,9,4.1.t9,261
رعئ,,,1,4.2.t1,262
رجال,,,2,4.2.t2,263
كثير,,,3,4.2.t3,264
كل,,n,4,4.2.t4,265
هم,,,5,4.2.t5,266
نصرا,,n,6,4.2.t6,267
ني,,,7,4.2.t7,268
ناد,,n,1,4.3.t1,269
ني,,,2,4.3.t2,270
عير,,,3,4.3.t3,271
اسم,,n,4,4.3.t4,272
ك,,,5,4.3.t5,273
عسرعير,,,6,4.3.t6,274
سيد,,,7,4.3.t7,275
؟,,,8,4.3.t8,276
أنا,,,1,4.4.t1,277
لا,,,2,4.4.t2,278
يسمع,,,3,4.4.t3,279
كلام,,,4,4.4.t4,280
النصرانا,,,5,4.4.t5,281
رعئ,,,1,4.5.t1,282
رجل,,,2,4.5.t2,283
يسمئ,,,3,4.5.t3,284
باب,,,4,4.5.t4,285
ممفود,,,5,4.5.t5,286
يتكمنى,,,6,4.5.t6,287
أخرج,,,7,4.5.t7,288
البيوت,,,8,4.5.t8,289
الكبير,,,9,4.5.t9,290
أنا,,,1,4.6.t1,291
رضعت,,,2,4.6.t2,292
كثيرا,,,3,4.6.t3,293
يمشى,,,1,4.7.t1,294
مع,,n,2,4.7.t2,295
هم,,,3,4.7.t3,296
إلى,,,4,4.7.t4,297
مكان,,n,5,4.7.t5,298
هم,,,6,4.7.t6,299
أثبت,,,1,4.8.t1,300
في,,,2,4.8.t2,301
المكان,,,3,4.8.t3,302
ممد,,,4,4.8.t4,303
أربع,,,5,4.8.t5,304
ليال,,,6,4.8.t6,305
و,,n,7,4.8.t7,306
نهار,,,8,4.8.t8,307
رجل,,,1,4.9.t1,308
يسمئ,,,2,4.9.t2,309
ذيم,,,3,4.9.t3,310
عوين,,,4,4.9.t4,311
جوز,,,5,4.9.t5,312
بنت,,,6,4.9.t6,313
ممفد,,,7,4.9.t7,314
بنسه,,,8,4.9.t8,315
ممفد,,,9,4.9.t9,316
سألت,,n,10,4.9.t10,317
ني,,,11,4.9.t11,318
رضعت,,,12,4.9.t12,319
يمشى,,,13,4.9.t13,320
في,,,14,4.9.t14,321
المكان,,,15,4.9.t15,322
يسمئ,,,16,4.9.t16,323
بليدن,,,17,4.9.t17,324
نعم,,,1,4.10.t1,325
رضعت,,,2,4.10.t2,326
يمشى,,,3,4.10.t3,327
مع,,n,4,4.10.t4,328
هم,,,5,4.10.t5,329
أثبت,,,1,4.11.t1,330
في,,,2,4.11.t2,331
المكان,,,3,4.11.t3,332
ذيم,,,4,4.11.t4,333
عوين,,,5,4.11.t5,334
إلى,,,6,4.11.t6,335
الآن,,,7,4.11.t7,336
قبل,,,1,5.1.t1,337
أن,,,2,5.1.t2,338
جاء,,n,3,5.1.t3,339
ني,,,4,5.1.t4,340
في,,,5,5.1.t5,341
اليد,,,6,5.1.t6,342
ذخل,,,7,5.1.t7,343
عوين,,,8,5.1.t8,344
اشترى,,,9,5.1.t9,345
رجل,,,10,5.1.t10,346
يسمئ,,,11,5.1.t11,347
مذل,,,12,5.1.t12,348
جاء,,n,1,5.2.t1,349
ني,,,2,5.2.t2,350
مذل,,,3,5.2.t3,351
سلت,,n,4,5.2.t4,352
ني,,,5,5.2.t5,353
ايمشى,,,6,5.2.t6,354
إلى,,,7,5.2.t7,355
مكان,,,8,5.2.t8,356
ذالستن,,,9,5.2.t9,357
أنا,,,1,5.3.t1,358
لا,,,2,5.3.t2,359
لا,,,3,5.3.t3,360
لا,,,4,5.3.t4,361
لا,,,5,5.3.t5,362
لا,,,6,5.3.t6,363
لا,,,7,5.3.t7,364
لا,,,8,5.3.t8,365
أن,,,9,5.3.t9,366
يمشى,,,10,5.3.t10,367
في,,,11,5.3.t11,368
المكان,,,12,5.3.t12,369
ذالستن,,,13,5.3.t13,370
أنا,,,1,5.4.t1,371
أثبت,,,2,5.4.t2,372
في,,,3,5.4.t3,373
اليد,,,4,5.4.t4,374
ذيم,,,5,5.4.t5,375
عوين,,,6,5.4.t6,376
يا,,,1,6.1.t1,377
أهل,,,2,6.1.t2,378
نوف,,,3,6.1.t3,379
ذالين,,,4,6.1.t4,380
يا,,,5,6.1.t5,381
أهل,,,6,6.1.t6,382
سوف,,,7,6.1.t7,383
ذالين,,,8,6.1.t8,384
يا,,,9,6.1.t9,385
أهل,,,10,6.1.t10,386
مركو,,,11,6.1.t11,387
كل,,n,12,6.1.t12,388
هم,,,13,6.1.t13,389
هل,,,14,6.1.t14,390
في,,n,15,6.1.t15,391
كم,,,16,6.1.t16,392
رجلين,,,17,6.1.t17,393
صالحين,,,18,6.1.t18,394
يسمئ,,,19,6.1.t19,395
ذيم,,,20,6.1.t20,396
عوين,,,21,6.1.t21,397
مع,,,22,6.1.t22,398
ذون,,,23,6.1.t23,399
عوين,,,24,6.1.t24,400
هذا,,,25,6.1.t25,401
رجلين,,,26,6.1.t26,402
صالحين,,,27,6.1.t27,403
كل,,,1,6.2.t1,404
من,,,2,6.2.t2,405
أكل,,,3,6.2.t3,406
أنا,,,4,6.2.t4,407
أكل,,n,5,6.2.t5,408
ني,,,6,6.2.t6,409
كل,,,7,6.2.t7,410
من,,,8,6.2.t8,411
يلبس,,,9,6.2.t9,412
اعطئ,,,10,6.2.t10,413
يلبس,,,11,6.2.t11,414
ذيم,,,1,6.3.t1,415
مع,,,2,6.3.t2,416
إخوة,,n,3,6.3.t3,417
ي,,,4,6.3.t4,418
يقرءنى,,,5,6.3.t5,419
الإنجيل,,,6,6.3.t6,420
الله,,,7,6.3.t7,421
رب,,n,8,6.3.t8,422
نا,,,9,6.3.t9,423
خالص,,n,10,6.3.t10,424
نا,,,11,6.3.t11,425
و,,n,12,6.3.t12,426
مالك,,n,13,6.3.t13,427
نا,,,14,6.3.t14,428
و,,n,15,6.3.t15,429
مصلح,,,16,6.3.t16,430
أحوال,,n,17,6.3.t17,431
نا,,,18,6.3.t18,432
حالا,,,19,6.3.t19,433
و,,n,20,6.3.t20,434
مالا,,,21,6.3.t21,435
فضلا,,,22,6.3.t22,436
لا,,,23,6.3.t23,437
وجوبا,,,24,6.3.t24,438
أي,,,25,6.3.t25,439
قدرة,,n,26,6.3.t26,440
ه,,,27,6.3.t27,441
أفتح,,,1,6.4.t1,442
قلبي,,n,2,6.4.t2,443
ي,,,3,6.4.t3,444
إلى,,,4,6.4.t4,445
سبيل,,,5,6.4.t5,446
الهدئ,,,6,6.4.t6,447
إلى,,,7,6.4.t7,448
سبيل,,,8,6.4.t8,449
يسوع,,,9,6.4.t9,450
المسيح,,,10,6.4.t10,451
إلى,,,11,6.4.t11,452
نور,,,12,6.4.t12,453
عظيم,,,13,6.4.t13,454
قبل,,,1,7.1.t1,455
أن,,,2,7.1.t2,456
جاء,,,3,7.1.t3,457
إلى,,,4,7.1.t4,458
بلد,,,5,7.1.t5,459
النصراني,,,6,7.1.t6,460
ديني,,,7,7.1.t7,461
دين,,,8,7.1.t8,462
محمد,,,9,7.1.t9,463
رسول,,,10,7.1.t10,464
الله,,,11,7.1.t11,465
صلى,,,12,7.1.t12,466
الله,,,13,7.1.t13,467
على,,n,14,7.1.t14,468
ه,,,15,7.1.t15,469
و,,n,16,7.1.t16,470
سلم,,,17,7.1.t17,471
يمشى,,,1,7.2.t1,472
إلى,,,2,7.2.t2,473
المسجد,,,3,7.2.t3,474
قبل,,,4,7.2.t4,475
طلوع,,,5,7.2.t5,476
الفجر,,,6,7.2.t6,477
يغسل,,,7,7.2.t7,478
وجه,,,8,7.2.t8,479
ورعس,,,9,7.2.t9,480
و,,n,10,7.2.t10,481
اليدين,,,11,7.2.t11,482
و,,n,12,7.2.t12,483
رجلين,,,13,7.2.t13,484
يصلى,,,1,7.3.t1,485
وقت,,,2,7.3.t2,486
الظهر,,,3,7.3.t3,487
يصل,,,1,7.4.t1,488
وقت,,,2,7.4.t2,489
البعض,,,3,7.4.t3,490
يصلى,,,1,7.5.t1,491
وقت,,,2,7.5.t2,492
المغرب,,,3,7.5.t3,493
يصلىى,,,1,7.6.t1,494
وقت,,,2,7.6.t2,495
العشاء,,,3,7.6.t3,496
يصلى,,,1,7.7.t1,497
أعطى,,,1,8.1.t1,498
زكات,,,2,8.1.t2,499
كل,,,3,8.1.t3,500
سنة,,,4,8.1.t4,501
و,,n,5,8.1.t5,502
ذهب,,,6,8.1.t6,503
و,,n,7,8.1.t7,504
فضة,,,8,8.1.t8,505
و,,n,9,8.1.t9,506
زرع,,,10,8.1.t10,507
و,,n,11,8.1.t11,508
بقر,,,12,8.1.t12,509
وضعن,,,13,8.1.t13,510
و,,n,14,8.1.t14,511
معز,,,15,8.1.t15,512
أو,,,16,8.1.t16,513
ل,,n,17,8.1.t17,514
أرز,,,18,8.1.t18,515
و,,n,19,8.1.t19,516
قمح,,,20,8.1.t20,517
وصعير,,,21,8.1.t21,518
كل,,n,1,8.2.t1,519
هم,,,2,8.2.t2,520
أعطى,,,3,8.2.t3,521
زكات,,,4,8.2.t4,522
يمشى,,,5,8.2.t5,523
إلى,,,6,8.2.t6,524
الجهاد,,,7,8.2.t7,525
كل,,,8,8.2.t8,526
سنة,,,9,8.2.t9,527
إلى,,,10,8.2.t10,528
الكفار,,,11,8.2.t11,529
يمشى,,,1,8.3.t1,530
إلى,,,2,8.3.t2,531
المكا,,,3,8.3.t3,532
و,,n,4,8.3.t4,533
مدينة,,,5,8.3.t5,534
ل,,n,6,8.3.t6,535
من,,,7,8.3.t7,536
يستطيع,,,8,8.3.t8,537
أبو,,n,1,9.1.t1,538
ك,,,2,9.1.t2,539
يجد,,,3,9.1.t3,540
ست,,,4,9.1.t4,541
ولد,,,5,9.1.t5,542
مع,,,6,9.1.t6,543
خمس,,,7,9.1.t7,544
بنت,,,8,9.1.t8,545
و,,n,1,9.2.t1,546
أم,,n,2,9.2.t2,547
ي,,,3,9.2.t3,548
ثلاث,,,4,9.2.t4,549
ولد,,,5,9.2.t5,550
و,,n,6,9.2.t6,551
بنت,,,7,9.2.t7,552
واحد,,,8,9.2.t8,553
أنا,,,1,9.3.t1,554
يوم,,,2,9.3.t2,555
تركت,,,3,9.3.t3,556
من,,,4,9.3.t4,557
بلد,,n,5,9.3.t5,558
نا,,,6,9.3.t6,559
سنتي,,n,7,9.3.t7,560
ي,,,8,9.3.t8,561
سبع,,,9,9.3.t9,562
و,,n,10,9.3.t10,563
ثلاثين,,,11,9.3.t11,564
سنة,,,12,9.3.t12,565
مقام,,,1,9.4.t1,566
من,,,2,9.4.t2,567
البلد,,,3,9.4.t3,568
نصرا,,n,4,9.4.t4,569
ني,,,5,9.4.t5,570
أربع,,,6,9.4.t6,571
و,,n,7,9.4.t7,572
عشرين,,,8,9.4.t8,573
سنة,,,9,9.4.t9,574
في,,,1,10.1.t1,575
سنة,,,2,10.1.t2,576
واحد,,,3,10.1.t3,577
ألف,,,4,10.1.t4,578
مع,,,5,10.1.t5,579
ثمانين,,,6,10.1.t6,580
ماءة,,,7,10.1.t7,581
واحد,,,8,10.1.t8,582
مع,,,9,10.1.t9,583
ثلاثين,,,10,10.1.t10,584
سنة,,,11,10.1.t11,585
يسوع,,,12,10.1.t12,586
المسيح,,,13,10.1.t13,587
يا,,,1,11.1.t1,588
أهل,,,2,11.1.t2,589
نوف,,,3,11.1.t3,590
ذالين,,,4,11.1.t4,591
يا,,,5,11.1.t5,592
أهل,,,6,11.1.t6,593
سوف,,,7,11.1.t7,594
ذاليلين,,,8,11.1.t8,595
يا,,,9,11.1.t9,596
أهل,,,10,11.1.t10,597
مر,,n,11,11.1.t11,598
كن,,,12,11.1.t12,599
كل,,n,13,11.1.t13,600
هم,,,14,11.1.t14,601
الأول,,,1,11.2.t1,602
الولد,,,2,11.2.t2,603
ذيم,,,3,11.2.t3,604
عوين,,,4,11.2.t4,605
يسمى,,,5,11.2.t5,606
تامس,,,6,11.2.t6,607
مع,,,7,11.2.t7,608
اخوت,,,8,11.2.t8,609
البنت,,,9,11.2.t9,610
يسمى,,,10,11.2.t10,611
مآس,,,11,11.2.t11,612
ذين,,,12,11.2.t12,613
هذا,,,1,12.1.t1,614
الجيل,,,2,12.1.t2,615
جيل,,,3,12.1.t3,616
جيد,,n,4,12.1.t4,617
∵,y,,5,12.1.t5,618
توم,,,1,12.2.t1,619
عوين,,,2,12.2.t2,620
نل,,,3,12.2.t3,621
عوين,,,4,12.2.t4,622
تلد,,,5,12.2.t5,623
ٱثنان,,,6,12.2.t6,624
ولد,,,7,12.2.t7,625
و,,n,8,12.2.t8,626
بنت,,,9,12.2.t9,627
واحد,,,10,12.2.t10,628
ولد,,,1,12.3.t1,629
الأول,,,2,12.3.t2,630
يسمئ,,,3,12.3.t3,631
ذيم,,,4,12.3.t4,632
و,,n,5,12.3.t5,633
الآخر,,,6,12.3.t6,634
ذون,,,7,12.3.t7,635
و,,n,8,12.3.t8,636
بنت,,,9,12.3.t9,637
يسمئ,,,10,12.3.t10,638
مولسة,,,11,12.3.t11,639
سيد,,,1,12.4.t1,640
ذيم,,,2,12.4.t2,641
وبتسه,,,3,12.4.t3,642
جوزت,,n,4,12.4.t4,643
ه,,,5,12.4.t5,644
عوين,,,6,12.4.t6,645
تلد,,,7,12.4.t7,646
ٱثنان,,,8,12.4.t8,647
ولد,,,9,12.4.t9,648
و,,n,10,12.4.t10,649
خمس,,,11,12.4.t11,650
بنات,,,12,12.4.t12,651
الأول,,,1,12.5.t1,652
توم,,,2,12.5.t2,653
ذون,,,3,12.5.t3,654
و,,n,4,12.5.t4,655
ماس,,n,5,12.5.t5,656
ه,,,6,12.5.t6,657
و,,n,7,12.5.t7,658
مريم,,,8,12.5.t8,659
وسفايه,,,9,12.5.t9,660
وماكت,,,10,12.5.t10,661
و,,n,11,12.5.t11,662
ل,,n,12,12.5.t12,663
يسه,,,13,12.5.t13,664
هذا,,,1,12.6.t1,665
الجيل,,,2,12.6.t2,666
جيل,,,3,12.6.t3,667
جيد,,,4,12.6.t4,668
جدا,,,5,12.6.t5,669
وذون,,,1,12.7.t1,670
عوين,,,2,12.7.t2,671
زوجة,,n,3,12.7.t3,672
ه,,,4,12.7.t4,673
يسمئ,,,5,12.7.t5,674
لوسه,,,6,12.7.t6,675
زوجة,,,7,12.7.t7,676
صالحة,,,8,12.7.t8,677
تلد,,,9,12.7.t9,678
ثلات,,,10,12.7.t10,679
و,,n,11,12.7.t11,680
ٱثنان,,,12,12.7.t12,681
والد,,,13,12.7.t13,682
مات,,,1,12.8.t1,683
ثلاث,,,2,12.8.t2,684
و,,n,3,12.8.t3,685
بقي,,,4,12.8.t4,686
ٱثنان,,,5,12.8.t5,687
يا,,,1,13.1.t1,688
أهل,,,2,13.1.t2,689
مر,,n,3,13.1.t3,690
كن,,,4,13.1.t4,691
يا,,,5,13.1.t5,692
أهل,,,6,13.1.t6,693
نوف,,,7,13.1.t7,694
ذالين,,,8,13.1.t8,695
هل,,,9,13.1.t9,696
في,,n,10,13.1.t10,697
كم,,,11,13.1.t11,698
هل,,,12,13.1.t12,699
في,,n,13,13.1.t13,700
كم,,,14,13.1.t14,701
هل,,,15,13.1.t15,702
في,,n,16,13.1.t16,703
كم,,,17,13.1.t17,704
هل,,,18,13.1.t18,705
في,,n,19,13.1.t19,706
كم,,,20,13.1.t20,707
إلى,,,21,13.1.t21,708
الجيل,,,22,13.1.t22,709
الجيد,,,23,13.1.t23,710
خاف,,,24,13.1.t24,711
الله,,,25,13.1.t25,712
جدا,,,26,13.1.t26,713
أنا,,,1,14.1.t1,714
عمر,,,2,14.1.t2,715
يحب,,,3,14.1.t3,716
يقرء,,,4,14.1.t4,717
الكتاب,,,5,14.1.t5,718
القراءان,,,6,14.1.t6,719
العظيم,,,7,14.1.t7,720
ذنل,,,1,14.2.t1,721
ذيم,,,2,14.2.t2,722
عوين,,,3,14.2.t3,723
مع,,,4,14.2.t4,724
زوجة,,n,5,14.2.t5,725
ه,,n,6,14.2.t6,726
∵,y,,7,14.2.t7,727
يقرء,,,8,14.2.t8,728
الإنجيل,,,9,14.2.t9,729
يقرءنى,,,1,14.3.t1,730
الإنجيل,,,2,14.3.t2,731
كثيرا,,,3,14.3.t3,732
الله,,,4,14.3.t4,733
رب,,n,5,14.3.t5,734
نا,,,6,14.3.t6,735
خالق,,n,7,14.3.t7,736
نا,,,8,14.3.t8,737
و,,n,9,14.3.t9,738
ما,,,10,14.3.t10,739
لكن,,n,11,14.3.t11,740
نا,,,12,14.3.t12,741
و,,n,13,14.3.t13,742
مصلح,,,14,14.3.t14,743
أحوال,,n,15,14.3.t15,744
نا,,,16,14.3.t16,745
حالاومالا,,,17,14.3.t17,746
فضلا,,,18,14.3.t18,747
لا,,,19,14.3.t19,748
وجوبا,,,20,14.3.t20,749
ل,,,21,14.3.t21,750
قدرة,,n,22,14.3.t22,751
ه,,,23,14.3.t23,752
أفتح,,,1,14.4.t1,753
قلبي,,n,2,14.4.t2,754
ي,,,3,14.4.t3,755
إلى,,,4,14.4.t4,756
الإنجيل,,,5,14.4.t5,757
إلى,,,6,14.4.t6,758
سبيل,,,7,14.4.t7,759
الهدئ,,,8,14.4.t8,760
الحمد,,,1,14.5.t1,761
الله,,,2,14.5.t2,762
رب,,,3,14.5.t3,763
العلمين,,,4,14.5.t4,764
حمدا,,,5,14.5.t5,765
كثيرا,,,6,14.5.t6,766
يوافر,,,1,14.6.t1,767
من,,,2,14.6.t2,768
النعم,,,3,14.6.t3,769
ما,,,4,14.6.t4,770
تزايد,,,5,14.6.t5,771
من,,,6,14.6.t6,772
الخير,,,7,14.6.t7,773
من,,,1,15.1.t1,774
أجل,,,2,15.1.t2,775
أن,,,3,15.1.t3,776
الشرع,,,4,15.1.t4,777
ب,,n,5,15.1.t5,778
موسى,,,6,15.1.t6,779
أعطى,,,7,15.1.t7,780
و,,n,8,15.1.t8,781
النعمة,,,9,15.1.t9,782
و,,n,10,15.1.t10,783
الحق,,,11,15.1.t11,784
كانا,,,12,15.1.t12,785
ب,,n,13,15.1.t13,786
يسوع,,,14,15.1.t14,787
المسيح,,n,15,15.1.t15,788
∵,y,,16,15.1.t16,789
الأول,,,1,16.1.t1,790
محمد,,,2,16.1.t2,791
أن,,,3,16.1.t3,792
يصلى,,,4,16.1.t4,793
قال,,,5,16.1.t5,794
الحمد,,,6,16.1.t6,795
الله,,,7,16.1.t7,796
رب,,,8,16.1.t8,797
العلمين,,,9,16.1.t9,798
الرحمن,,,10,16.1.t10,799
الرحيم,,,11,16.1.t11,800
ملك,,,12,16.1.t12,801
يوم,,,13,16.1.t13,802
الدين,,,14,16.1.t14,803
إيا,,n,15,16.1.t15,804
ك,,,16,16.1.t16,805
ب,,n,17,16.1.t17,806
عبد,,,18,16.1.t18,807
و,,n,19,16.1.t19,808
إيا,,n,20,16.1.t20,809
ك,,,21,16.1.t21,810
نستعين,,n,22,16.1.t22,811
∵,y,,23,16.1.t23,812
اهدنا,,,1,16.2.t1,813
الصراط,,,2,16.2.t2,814
المستقيم,,,3,16.2.t3,815
صراط,,,4,16.2.t4,816
الذين,,,5,16.2.t5,817
أنعمت,,,6,16.2.t6,818
على,,n,7,16.2.t7,819
هم,,,8,16.2.t8,820
غير,,,9,16.2.t9,821
المعضوب,,,10,16.2.t10,822
على,,n,11,16.2.t11,823
هم,,,12,16.2.t12,824
و,,n,13,16.2.t13,825
لا,,,14,16.2.t14,826
الضالين,,,15,16.2.t15,827
ء,,,16,16.2.t16,828
ءامين,,n,1,16.3.t1,829
∵,y,,2,16.3.t2,830
و,,n,1,17.1.t1,831
الآن,,,2,17.1.t2,832
يصلى,,,3,17.1.t3,833
قول,,,4,17.1.t4,834
رب,,n,5,17.1.t5,835
نا,,,6,17.1.t6,836
يسوع,,,7,17.1.t7,837
المسيح,,,8,17.1.t8,838
يا,,,1,17.2.t1,839
أبا,,n,2,17.2.t2,840
نا,,,3,17.2.t3,841
الذي,,,4,17.2.t4,842
في,,,5,17.2.t5,843
السموات,,,6,17.2.t6,844
يتقدس,,,7,17.2.t7,845
اسم,,n,8,17.2.t8,846
ك,,,9,17.2.t9,847
تأتي,,,10,17.2.t10,848
ملكوت,,n,1,17.3.t1,849
ك,,,2,17.3.t2,850
تكون,,,3,17.3.t3,851
مشيت,,n,4,17.3.t4,852
ك,,,5,17.3.t5,853
كما,,,6,17.3.t6,854
في,,,7,17.3.t7,855
السماء,,,8,17.3.t8,856
و,,n,9,17.3.t9,857
على,,,10,17.3.t10,858
الأرض,,,11,17.3.t11,859
خبزن,,,1,17.4.t1,860
ألذا,,,2,17.4.t2,861
ل,,n,3,17.4.t3,862
القدى,,,4,17.4.t4,863
اعطنا,,,5,17.4.t5,864
اليوم,,,6,17.4.t6,865
و,,n,7,17.4.t7,866
أغفر,,,8,17.4.t8,867
ل,,n,9,17.4.t9,868
نا,,,10,17.4.t10,869
ما,,,11,17.4.t11,870
على,,n,12,17.4.t12,871
نا,,,13,17.4.t13,872
كما,,,14,17.4.t14,873
نغفر,,,15,17.4.t15,874
نحن,,,16,17.4.t16,875
ل,,n,17,17.4.t17,876
من,,,18,17.4.t18,877
ل,,n,19,17.4.t19,878
نا,,,20,17.4.t20,879
على,,n,21,17.4.t21,880
ه,,,22,17.4.t22,881
و,,n,1,17.5.t1,882
لا,,,2,17.5.t2,883
تدخلنا,,,3,17.5.t3,884
التجارب,,,4,17.5.t4,885
لكن,,,5,17.5.t5,886
نجنا,,,6,17.5.t6,887
من,,,7,17.5.t7,888
الشرير,,,8,17.5.t8,889
ف,,n,1,17.6.t1,890
إن,,,2,17.6.t2,891
ل,,n,3,17.6.t3,892
ك,,,4,17.6.t4,893
الملك,,,5,17.6.t5,894
و,,n,6,17.6.t6,895
القوة,,,7,17.6.t7,896
و,,n,8,17.6.t8,897
المجد,,,9,17.6.t9,898
إلى,,,10,17.6.t10,899
الأبد,,,11,17.6.t11,900
ءامين,,,1,17.7.t1,901
أنا,,,1,18.1.t1,902
مقام,,,2,18.1.t2,903
في,,,3,18.1.t3,904
بلد,,n,4,18.1.t4,905
نا,,,5,18.1.t5,906
ب,,n,6,18.1.t6,907
سبب,,,7,18.1.t7,908
الضرر,,,8,18.1.t8,909
العظيم,,,9,18.1.t9,910
أخذ,,,1,18.2.t1,911
الكفار,,,2,18.2.t2,912
ظلما,,,3,18.2.t3,913
باعوا,,,4,18.2.t4,914
إلى,,,5,18.2.t5,915
يد,,,6,18.2.t6,916
النصراني,,,7,18.2.t7,917
اشترى,,,1,18.3.t1,918
يمشى,,,2,18.3.t2,919
إلى,,,3,18.3.t3,920
البحر,,,4,18.3.t4,921
الكبير,,,5,18.3.t5,922
شهر,,,6,18.3.t6,923
و,,n,7,18.3.t7,924
نصف,,,8,18.3.t8,925
شهر,,,9,18.3.t9,926
إلى,,,10,18.3.t10,927
مكان,,,11,18.3.t11,928
يسمى,,,12,18.3.t12,929
ذالستن,,,13,18.3.t13,930
في,,,14,18.3.t14,931
كلام,,,15,18.3.t15,932
النصرنى,,,16,18.3.t16,933
أنا,,,1,18.4.t1,934
سقت,,,2,18.4.t2,935
في,,,3,18.4.t3,936
اليد,,,4,18.4.t4,937
رجيل,,,5,18.4.t5,938
صغير,,,6,18.4.t6,939
ضعين,,,7,18.4.t7,940
سوء,,,8,18.4.t8,941
لا,,,9,18.4.t9,942
خاف,,,10,18.4.t10,943
الله,,,11,18.4.t11,944
شرء,,,12,18.4.t12,945
لا,,,13,18.4.t13,946
يقرء,,,14,18.4.t14,947
لا,,,15,18.4.t15,948
يصلى,,,16,18.4.t16,949
أنا,,,1,18.5.t1,950
خاف,,,2,18.5.t2,951
أن,,,3,18.5.t3,952
يثبت,,,4,18.5.t4,953
رجيل,,,5,18.5.t5,954
سوء,,,6,18.5.t6,955
كثير,,,7,18.5.t7,956
ذنوب,,,8,18.5.t8,957
أنا,,,1,18.6.t1,958
يفر,,,2,18.6.t2,959
إلى,,,3,18.6.t3,960
شهراء,,,4,18.6.t4,961
الله,,,1,18.7.t1,962
رب,,n,2,18.7.t2,963
نا,,,3,18.7.t3,964
يفد,,,4,18.7.t4,965
من,,n,5,18.7.t5,966
نا,,,6,18.7.t6,967
إلى,,,7,18.7.t7,968
يد,,,8,18.7.t8,969
رجل,,,9,18.7.t9,970
صالح,,,10,18.7.t10,971
خاف,,,11,18.7.t11,972
الله,,,12,18.7.t12,973
يحب,,,13,18.7.t13,974
يعمل,,,14,18.7.t14,975
عملا,,,15,18.7.t15,976
صالحا,,,16,18.7.t16,977
يسمى,,,1,18.8.t1,978
ذنل,,,2,18.8.t2,979
ذيم,,,3,18.8.t3,980
عوين,,,4,18.8.t4,981
مع,,,1,18.9.t1,982
إخوة,,n,2,18.9.t2,983
هم,,,3,18.9.t3,984
يسمى,,,4,18.9.t4,985
كمنة,,,5,18.9.t5,986
ذون,,,6,18.9.t6,987
عوين,,,7,18.9.t7,988
هذا,,,1,18.10.t1,989
رجلين,,,2,18.10.t2,990
صالحين,,,3,18.10.t3,991
أنا,,,1,18.11.t1,992
بثبت,,,2,18.11.t2,993
في,,,3,18.11.t3,994
مكان,,,4,18.11.t4,995
بليد,,,5,18.11.t5,996
كوت,,,6,18.11.t6,997
أنا,,,1,19.1.t1,998
ثبت,,,2,19.1.t2,999
في,,,3,19.1.t3,1000
اليد,,,4,19.1.t4,1001
ذيم,,,5,19.1.t5,1002
عوين,,,6,19.1.t6,1003
لا,,,1,19.2.t1,1004
يضرب,,,2,19.2.t2,1005
لا,,,1,19.3.t1,1006
س,,n,2,19.3.t2,1007
تمر,,,3,19.3.t3,1008
لا,,,1,19.4.t1,1009
جوع,,,2,19.4.t2,1010
لا,,,1,19.5.t1,1011
عرو,,,2,19.5.t2,1012
لا,,,1,19.6.t1,1013
عمل,,,2,19.6.t2,1014
شديد,,,3,19.6.t3,1015
أنا,,,4,19.6.t4,1016
لا,,,5,19.6.t5,1017
يستطيع,,,6,19.6.t6,1018
أن,,,7,19.6.t7,1019
يعمل,,,8,19.6.t8,1020
عملا,,,9,19.6.t9,1021
شديدا,,,10,19.6.t10,1022
أنا,,,11,19.6.t11,1023
رجل,,,12,19.6.t12,1024
صغير,,,13,19.6.t13,1025
مريض,,,14,19.6.t14,1026
ثبت,,,1,19.7.t1,1027
عشرين,,,2,19.7.t2,1028
سنة,,,3,19.7.t3,1029
لا,,,4,19.7.t4,1030
يري,,,5,19.7.t5,1031
ضرر,,,6,19.7.t6,1032
شيء,,,7,19.7.t7,1033
من,,,8,19.7.t8,1034
يد,,,9,19.7.t9,1035
ذيم,,,10,19.7.t10,1036
عوين,,,11,19.7.t11,1037
