value,word_value,space_after,position,ve_ref,idx
I,I,,1,1.t1,
am,am,,2,1.t2,
to,to,,3,1.t3,
speak,speak,,4,1.t4,
against,against,,5,1.t5,
persons,persons,,6,1.t6,
who,who,,7,1.t7,
pride,pride,,8,1.t8,
themselves,themselves,,9,1.t9,
on,on,,10,1.t10,
their,their,,11,1.t11,
eloquence,eloquence,false,12,1.t12,
;,;,,13,1.t13,
so,so,false,14,1.t14,
",",",",,15,1.t15,
to,to,,16,1.t16,
begin,begin,,17,1.t17,
with,with,,18,1.t18,
a,a,,19,1.t19,
text,text,,20,1.t20,
of,of,,21,1.t21,
Scripture,Scripture,false,22,1.t22,
",",",",,23,1.t23,
“,“,false,24,1.t24,
Behold,Behold,false,25,1.t25,
",",",",,26,1.t26,
I,I,,27,1.t27,
am,am,,28,1.t28,
against,against,,29,1.t29,
thee,thee,false,30,1.t30,
",",",",,31,1.t31,
O,O,,32,1.t32,
thou,thou,,33,1.t33,
proud,proud,,34,1.t34,
one,one,false,35,1.t35,
",",",",false,36,1.t36,
”,”,,37,1.t37,
not,not,,38,1.t38,
only,only,,39,1.t39,
in,in,,40,1.t40,
thy,thy,,41,1.t41,
system,system,,42,1.t42,
of,of,,43,1.t43,
teaching,teaching,false,44,1.t44,
",",",",,45,1.t45,
but,but,,46,1.t46,
also,also,,47,1.t47,
in,in,,48,1.t48,
thy,thy,,49,1.t49,
hearing,hearing,false,50,1.t50,
",",",",,51,1.t51,
and,and,,52,1.t52,
in,in,,53,1.t53,
thy,thy,,54,1.t54,
tone,tone,,55,1.t55,
of,of,,56,1.t56,
mind,mind,false,57,1.t57,
.,.,,58,1.t58,
For,For,,1,2.t1,
there,there,,2,2.t2,
are,are,,3,2.t3,
certain,certain,,4,2.t4,
persons,persons,,5,2.t5,
who,who,,6,2.t6,
have,have,,7,2.t7,
not,not,,8,2.t8,
only,only,,9,2.t9,
their,their,,10,2.t10,
ears,ears,,11,2.t11,
and,and,,12,2.t12,
their,their,,13,2.t13,
tongues,tongues,false,14,2.t14,
",",",",,15,2.t15,
but,but,,16,2.t16,
even,even,false,17,2.t17,
",",",",,18,2.t18,
as,as,,19,2.t19,
I,I,,20,2.t20,
now,now,,21,2.t21,
perceive,perceive,false,22,2.t22,
",",",",,23,2.t23,
their,their,,24,2.t24,
hands,hands,,25,2.t25,
too,too,false,26,2.t26,
",",",",,27,2.t27,
itching,itching,,28,2.t28,
for,for,,29,2.t29,
our,our,,30,2.t30,
words,words,false,31,2.t31,
;,;,,32,2.t32,
who,who,,33,2.t33,
delight,delight,,34,2.t34,
in,in,,35,2.t35,
profane,profane,,36,2.t36,
babblings,babblings,false,37,2.t37,
",",",",,38,2.t38,
and,and,,39,2.t39,
oppositions,oppositions,,40,2.t40,
of,of,,41,2.t41,
science,science,,42,2.t42,
falsely,falsely,,43,2.t43,
so,so,,44,2.t44,
called,called,false,45,2.t45,
",",",",,46,2.t46,
and,and,,47,2.t47,
strifes,strifes,,48,2.t48,
about,about,,49,2.t49,
words,words,false,50,2.t50,
",",",",,51,2.t51,
which,which,,52,2.t52,
tend,tend,,53,2.t53,
to,to,,54,2.t54,
no,no,,55,2.t55,
profit,profit,false,56,2.t56,
;,;,,57,2.t57,
for,for,,58,2.t58,
so,so,,59,2.t59,
Paul,Paul,false,60,2.t60,
",",",",,61,2.t61,
the,the,,62,2.t62,
Preacher,Preacher,,63,2.t63,
and,and,,64,2.t64,
Establisher,Establisher,,65,2.t65,
of,of,,66,2.t66,
the,the,,67,2.t67,
“,“,false,68,2.t68,
Word,Word,,69,2.t69,
cut,cut,,70,2.t70,
short,short,false,71,2.t71,
",",",",false,72,2.t72,
”,”,,73,2.t73,
the,the,,74,2.t74,
disciple,disciple,,75,2.t75,
and,and,,76,2.t76,
teacher,teacher,,77,2.t77,
of,of,,78,2.t78,
the,the,,79,2.t79,
Fishermen,Fishermen,false,80,2.t80,
",",",",,81,2.t81,
calls,calls,,82,2.t82,
all,all,,83,2.t83,
that,that,,84,2.t84,
is,is,,85,2.t85,
excessive,excessive,,86,2.t86,
or,or,,87,2.t87,
superfluous,superfluous,,88,2.t88,
in,in,,89,2.t89,
discourse,discourse,false,90,2.t90,
.,.,,91,2.t91,
But,But,,1,3.t1,
as,as,,2,3.t2,
to,to,,3,3.t3,
those,those,,4,3.t4,
to,to,,5,3.t5,
whom,whom,,6,3.t6,
we,we,,7,3.t7,
refer,refer,false,8,3.t8,
",",",",,9,3.t9,
would,would,,10,3.t10,
that,that,,11,3.t11,
they,they,false,12,3.t12,
",",",",,13,3.t13,
whose,whose,,14,3.t14,
tongue,tongue,,15,3.t15,
is,is,,16,3.t16,
so,so,,17,3.t17,
voluble,voluble,,18,3.t18,
and,and,,19,3.t19,
clever,clever,,20,3.t20,
in,in,,21,3.t21,
applying,applying,,22,3.t22,
itself,itself,,23,3.t23,
to,to,,24,3.t24,
noble,noble,,25,3.t25,
and,and,,26,3.t26,
approved,approved,,27,3.t27,
language,language,false,28,3.t28,
",",",",,29,3.t29,
would,would,,30,3.t30,
likewise,likewise,,31,3.t31,
pay,pay,,32,3.t32,
some,some,,33,3.t33,
attention,attention,,34,3.t34,
to,to,,35,3.t35,
actions,actions,false,36,3.t36,
.,.,,37,3.t37,
For,For,,1,4.t1,
then,then,,2,4.t2,
perhaps,perhaps,,3,4.t3,
in,in,,4,4.t4,
a,a,,5,4.t5,
little,little,,6,4.t6,
while,while,,7,4.t7,
they,they,,8,4.t8,
would,would,,9,4.t9,
become,become,,10,4.t10,
less,less,,11,4.t11,
sophistical,sophistical,false,12,4.t12,
",",",",,13,4.t13,
and,and,,14,4.t14,
less,less,,15,4.t15,
absurd,absurd,,16,4.t16,
and,and,,17,4.t17,
strange,strange,,18,4.t18,
acrobats,acrobats,,19,4.t19,
of,of,,20,4.t20,
words,words,false,21,4.t21,
",",",",,22,4.t22,
if,if,,23,4.t23,
I,I,,24,4.t24,
may,may,,25,4.t25,
use,use,,26,4.t26,
a,a,,27,4.t27,
ridiculous,ridiculous,,28,4.t28,
expression,expression,,29,4.t29,
about,about,,30,4.t30,
a,a,,31,4.t31,
ridiculous,ridiculous,,32,4.t32,
subject,subject,false,33,4.t33,
.,.,,34,4.t34,
But,But,,1,5.t1,
since,since,,2,5.t2,
they,they,,3,5.t3,
neglect,neglect,,4,5.t4,
every,every,,5,5.t5,
path,path,,6,5.t6,
of,of,,7,5.t7,
righteousness,righteousness,false,8,5.t8,
",",",",,9,5.t9,
and,and,,10,5.t10,
look,look,,11,5.t11,
only,only,,12,5.t12,
to,to,,13,5.t13,
this,this,,14,5.t14,
one,one,,15,5.t15,
point,point,false,16,5.t16,
",",",",,17,5.t17,
namely,namely,false,18,5.t18,
",",",",,19,5.t19,
which,which,,20,5.t20,
of,of,,21,5.t21,
the,the,,22,5.t22,
propositions,propositions,,23,5.t23,
submitted,submitted,,24,5.t24,
to,to,,25,5.t25,
them,them,,26,5.t26,
they,they,,27,5.t27,
shall,shall,,28,5.t28,
bind,bind,,29,5.t29,
or,or,,30,5.t30,
loose,loose,false,31,5.t31,
",",",",,32,5.t32,
(,(,false,33,5.t33,
like,like,,34,5.t34,
those,those,,35,5.t35,
persons,persons,,36,5.t36,
who,who,,37,5.t37,
in,in,,38,5.t38,
the,the,,39,5.t39,
theatres,theatres,,40,5.t40,
perform,perform,,41,5.t41,
wrestling,wrestling,,42,5.t42,
matches,matches,,43,5.t43,
in,in,,44,5.t44,
public,public,false,45,5.t45,
",",",",,46,5.t46,
but,but,,47,5.t47,
not,not,,48,5.t48,
that,that,,49,5.t49,
kind,kind,,50,5.t50,
of,of,,51,5.t51,
wrestling,wrestling,,52,5.t52,
in,in,,53,5.t53,
which,which,,54,5.t54,
the,the,,55,5.t55,
victory,victory,,56,5.t56,
is,is,,57,5.t57,
won,won,,58,5.t58,
according,according,,59,5.t59,
to,to,,60,5.t60,
the,the,,61,5.t61,
rules,rules,,62,5.t62,
of,of,,63,5.t63,
the,the,,64,5.t64,
sport,sport,false,65,5.t65,
",",",",,66,5.t66,
but,but,,67,5.t67,
a,a,,68,5.t68,
kind,kind,,69,5.t69,
to,to,,70,5.t70,
deceive,deceive,,71,5.t71,
the,the,,72,5.t72,
eyes,eyes,,73,5.t73,
of,of,,74,5.t74,
those,those,,75,5.t75,
who,who,,76,5.t76,
are,are,,77,5.t77,
ignorant,ignorant,,78,5.t78,
in,in,,79,5.t79,
such,such,,80,5.t80,
matters,matters,false,81,5.t81,
",",",",,82,5.t82,
and,and,,83,5.t83,
to,to,,84,5.t84,
catch,catch,,85,5.t85,
applause,applause,false,86,5.t86,
),),false,87,5.t87,
",",",",,88,5.t88,
and,and,,89,5.t89,
every,every,,90,5.t90,
marketplace,marketplace,,91,5.t91,
must,must,,92,5.t92,
buzz,buzz,,93,5.t93,
with,with,,94,5.t94,
their,their,,95,5.t95,
talking,talking,false,96,5.t96,
;,;,,97,5.t97,
and,and,,98,5.t98,
every,every,,99,5.t99,
dinner,dinner,,100,5.t100,
party,party,,101,5.t101,
be,be,,102,5.t102,
worried,worried,,103,5.t103,
to,to,,104,5.t104,
death,death,,105,5.t105,
with,with,,106,5.t106,
silly,silly,,107,5.t107,
talk,talk,,108,5.t108,
and,and,,109,5.t109,
boredom,boredom,false,110,5.t110,
;,;,,111,5.t111,
and,and,,112,5.t112,
every,every,,113,5.t113,
festival,festival,,114,5.t114,
be,be,,115,5.t115,
made,made,,116,5.t116,
unfestive,unfestive,,117,5.t117,
and,and,,118,5.t118,
full,full,,119,5.t119,
of,of,,120,5.t120,
dejection,dejection,false,121,5.t121,
",",",",,122,5.t122,
and,and,,123,5.t123,
every,every,,124,5.t124,
occasion,occasion,,125,5.t125,
of,of,,126,5.t126,
mourning,mourning,,127,5.t127,
be,be,,128,5.t128,
consoled,consoled,,129,5.t129,
by,by,,130,5.t130,
a,a,,131,5.t131,
greater,greater,,132,5.t132,
calamity,calamity,,133,5.t133,
—,—,,134,5.t134,
their,their,,135,5.t135,
questions,questions,,136,5.t136,
—,—,,137,5.t137,
and,and,,138,5.t138,
all,all,,139,5.t139,
the,the,,140,5.t140,
women,women,false,141,5.t141,
’s,’s,,142,5.t142,
apartments,apartments,,143,5.t143,
accustomed,accustomed,,144,5.t144,
to,to,,145,5.t145,
simplicity,simplicity,,146,5.t146,
be,be,,147,5.t147,
thrown,thrown,,148,5.t148,
into,into,,149,5.t149,
confusion,confusion,,150,5.t150,
and,and,,151,5.t151,
be,be,,152,5.t152,
robbed,robbed,,153,5.t153,
of,of,,154,5.t154,
its,its,,155,5.t155,
flower,flower,,156,5.t156,
of,of,,157,5.t157,
modesty,modesty,,158,5.t158,
by,by,,159,5.t159,
the,the,,160,5.t160,
torrent,torrent,,161,5.t161,
of,of,,162,5.t162,
their,their,,163,5.t163,
words,words,,164,5.t164,
…,…,,165,5.t165,
since,since,false,166,5.t166,
",",",",,167,5.t167,
I,I,,168,5.t168,
say,say,,169,5.t169,
this,this,,170,5.t170,
is,is,,171,5.t171,
so,so,false,172,5.t172,
",",",",,173,5.t173,
the,the,,174,5.t174,
evil,evil,,175,5.t175,
is,is,,176,5.t176,
intolerable,intolerable,,177,5.t177,
and,and,,178,5.t178,
not,not,,179,5.t179,
to,to,,180,5.t180,
be,be,,181,5.t181,
borne,borne,false,182,5.t182,
",",",",,183,5.t183,
and,and,,184,5.t184,
our,our,,185,5.t185,
Great,Great,,186,5.t186,
Mystery,Mystery,,187,5.t187,
is,is,,188,5.t188,
in,in,,189,5.t189,
danger,danger,,190,5.t190,
of,of,,191,5.t191,
being,being,,192,5.t192,
made,made,,193,5.t193,
a,a,,194,5.t194,
thing,thing,,195,5.t195,
of,of,,196,5.t196,
little,little,,197,5.t197,
moment,moment,false,198,5.t198,
.,.,,199,5.t199,
Well,Well,,1,6.t1,
then,then,false,2,6.t2,
",",",",,3,6.t3,
let,let,,4,6.t4,
these,these,,5,6.t5,
spies,spies,,6,6.t6,
bear,bear,,7,6.t7,
with,with,,8,6.t8,
us,us,false,9,6.t9,
",",",",,10,6.t10,
moved,moved,,11,6.t11,
as,as,,12,6.t12,
we,we,,13,6.t13,
are,are,,14,6.t14,
with,with,,15,6.t15,
fatherly,fatherly,,16,6.t16,
compassion,compassion,false,17,6.t17,
",",",",,18,6.t18,
and,and,,19,6.t19,
as,as,,20,6.t20,
holy,holy,,21,6.t21,
Jeremiah,Jeremiah,,22,6.t22,
says,says,false,23,6.t23,
",",",",,24,6.t24,
torn,torn,,25,6.t25,
in,in,,26,6.t26,
our,our,,27,6.t27,
hearts,hearts,false,28,6.t28,
;,;,,29,6.t29,
let,let,,30,6.t30,
them,them,,31,6.t31,
bear,bear,,32,6.t32,
with,with,,33,6.t33,
us,us,,34,6.t34,
so,so,,35,6.t35,
far,far,,36,6.t36,
as,as,,37,6.t37,
not,not,,38,6.t38,
to,to,,39,6.t39,
give,give,,40,6.t40,
a,a,,41,6.t41,
savage,savage,,42,6.t42,
reception,reception,,43,6.t43,
to,to,,44,6.t44,
our,our,,45,6.t45,
discourse,discourse,,46,6.t46,
upon,upon,,47,6.t47,
this,this,,48,6.t48,
subject,subject,false,49,6.t49,
;,;,,50,6.t50,
and,and,,51,6.t51,
let,let,,52,6.t52,
them,them,false,53,6.t53,
",",",",,54,6.t54,
if,if,,55,6.t55,
indeed,indeed,,56,6.t56,
they,they,,57,6.t57,
can,can,false,58,6.t58,
",",",",,59,6.t59,
restrain,restrain,,60,6.t60,
their,their,,61,6.t61,
tongues,tongues,,62,6.t62,
for,for,,63,6.t63,
a,a,,64,6.t64,
short,short,,65,6.t65,
while,while,,66,6.t66,
and,and,,67,6.t67,
lend,lend,,68,6.t68,
us,us,,69,6.t69,
their,their,,70,6.t70,
ears,ears,false,71,6.t71,
.,.,,72,6.t72,
However,However,,1,7.t1,
that,that,,2,7.t2,
may,may,,3,7.t3,
be,be,false,4,7.t4,
",",",",,5,7.t5,
you,you,,6,7.t6,
shall,shall,,7,7.t7,
at,at,,8,7.t8,
any,any,,9,7.t9,
rate,rate,,10,7.t10,
suffer,suffer,,11,7.t11,
no,no,,12,7.t12,
loss,loss,false,13,7.t13,
.,.,,14,7.t14,
For,For,,1,8.t1,
either,either,,2,8.t2,
we,we,,3,8.t3,
shall,shall,,4,8.t4,
have,have,,5,8.t5,
spoken,spoken,,6,8.t6,
in,in,,7,8.t7,
the,the,,8,8.t8,
ears,ears,,9,8.t9,
of,of,,10,8.t10,
them,them,,11,8.t11,
that,that,,12,8.t12,
will,will,,13,8.t13,
hear,hear,false,14,8.t14,
",",",",,15,8.t15,
and,and,,16,8.t16,
our,our,,17,8.t17,
words,words,,18,8.t18,
will,will,,19,8.t19,
bear,bear,,20,8.t20,
some,some,,21,8.t21,
fruit,fruit,false,22,8.t22,
",",",",,23,8.t23,
namely,namely,,24,8.t24,
an,an,,25,8.t25,
advantage,advantage,,26,8.t26,
to,to,,27,8.t27,
you,you,,28,8.t28,
(,(,false,29,8.t29,
since,since,,30,8.t30,
the,the,,31,8.t31,
Sower,Sower,,32,8.t32,
soweth,soweth,,33,8.t33,
the,the,,34,8.t34,
Word,Word,,35,8.t35,
upon,upon,,36,8.t36,
every,every,,37,8.t37,
kind,kind,,38,8.t38,
of,of,,39,8.t39,
mind,mind,false,40,8.t40,
;,;,,41,8.t41,
and,and,,42,8.t42,
the,the,,43,8.t43,
good,good,,44,8.t44,
and,and,,45,8.t45,
fertile,fertile,,46,8.t46,
bears,bears,,47,8.t47,
fruit,fruit,false,48,8.t48,
),),false,49,8.t49,
",",",",,50,8.t50,
or,or,,51,8.t51,
else,else,,52,8.t52,
you,you,,53,8.t53,
will,will,,54,8.t54,
depart,depart,,55,8.t55,
despising,despising,,56,8.t56,
this,this,,57,8.t57,
discourse,discourse,,58,8.t58,
of,of,,59,8.t59,
ours,ours,,60,8.t60,
as,as,,61,8.t61,
you,you,,62,8.t62,
have,have,,63,8.t63,
despised,despised,,64,8.t64,
others,others,false,65,8.t65,
",",",",,66,8.t66,
and,and,,67,8.t67,
having,having,,68,8.t68,
drawn,drawn,,69,8.t69,
from,from,,70,8.t70,
it,it,,71,8.t71,
further,further,,72,8.t72,
material,material,,73,8.t73,
for,for,,74,8.t74,
gainsaying,gainsaying,,75,8.t75,
and,and,,76,8.t76,
railing,railing,,77,8.t77,
at,at,,78,8.t78,
us,us,false,79,8.t79,
",",",",,80,8.t80,
upon,upon,,81,8.t81,
which,which,,82,8.t82,
to,to,,83,8.t83,
feast,feast,,84,8.t84,
yourselves,yourselves,,85,8.t85,
yet,yet,,86,8.t86,
more,more,false,87,8.t87,
.,.,,88,8.t88,
And,And,,1,9.t1,
you,you,,2,9.t2,
must,must,,3,9.t3,
not,not,,4,9.t4,
be,be,,5,9.t5,
astonished,astonished,,6,9.t6,
if,if,,7,9.t7,
I,I,,8,9.t8,
speak,speak,,9,9.t9,
a,a,,10,9.t10,
language,language,,11,9.t11,
which,which,,12,9.t12,
is,is,,13,9.t13,
strange,strange,,14,9.t14,
to,to,,15,9.t15,
you,you,,16,9.t16,
and,and,,17,9.t17,
contrary,contrary,,18,9.t18,
to,to,,19,9.t19,
your,your,,20,9.t20,
custom,custom,false,21,9.t21,
",",",",,22,9.t22,
who,who,,23,9.t23,
profess,profess,,24,9.t24,
to,to,,25,9.t25,
know,know,,26,9.t26,
everything,everything,,27,9.t27,
and,and,,28,9.t28,
to,to,,29,9.t29,
teach,teach,,30,9.t30,
everything,everything,,31,9.t31,
in,in,,32,9.t32,
a,a,,33,9.t33,
too,too,,34,9.t34,
impetuous,impetuous,,35,9.t35,
and,and,,36,9.t36,
generous,generous,,37,9.t37,
manner,manner,,38,9.t38,
…,…,,39,9.t39,
not,not,,40,9.t40,
to,to,,41,9.t41,
pain,pain,,42,9.t42,
you,you,,43,9.t43,
by,by,,44,9.t44,
saying,saying,,45,9.t45,
ignorant,ignorant,,46,9.t46,
and,and,,47,9.t47,
rash,rash,false,48,9.t48,
.,.,,49,9.t49,
Not,Not,,1,10.t1,
to,to,,2,10.t2,
every,every,,3,10.t3,
one,one,false,4,10.t4,
",",",",,5,10.t5,
my,my,,6,10.t6,
friends,friends,false,7,10.t7,
",",",",,8,10.t8,
does,does,,9,10.t9,
it,it,,10,10.t10,
belong,belong,,11,10.t11,
to,to,,12,10.t12,
philosophize,philosophize,,13,10.t13,
about,about,,14,10.t14,
God,God,false,15,10.t15,
;,;,,16,10.t16,
not,not,,17,10.t17,
to,to,,18,10.t18,
every,every,,19,10.t19,
one,one,false,20,10.t20,
;,;,,21,10.t21,
the,the,,22,10.t22,
Subject,Subject,,23,10.t23,
is,is,,24,10.t24,
not,not,,25,10.t25,
so,so,,26,10.t26,
cheap,cheap,,27,10.t27,
and,and,,28,10.t28,
low,low,false,29,10.t29,
;,;,,30,10.t30,
and,and,,31,10.t31,
I,I,,32,10.t32,
will,will,,33,10.t33,
add,add,false,34,10.t34,
",",",",,35,10.t35,
not,not,,36,10.t36,
before,before,,37,10.t37,
every,every,,38,10.t38,
audience,audience,false,39,10.t39,
",",",",,40,10.t40,
nor,nor,,41,10.t41,
at,at,,42,10.t42,
all,all,,43,10.t43,
times,times,false,44,10.t44,
",",",",,45,10.t45,
nor,nor,,46,10.t46,
on,on,,47,10.t47,
all,all,,48,10.t48,
points,points,false,49,10.t49,
;,;,,50,10.t50,
but,but,,51,10.t51,
on,on,,52,10.t52,
certain,certain,,53,10.t53,
occasions,occasions,false,54,10.t54,
",",",",,55,10.t55,
and,and,,56,10.t56,
before,before,,57,10.t57,
certain,certain,,58,10.t58,
persons,persons,false,59,10.t59,
",",",",,60,10.t60,
and,and,,61,10.t61,
within,within,,62,10.t62,
certain,certain,,63,10.t63,
limits,limits,false,64,10.t64,
.,.,,65,10.t65,
Not,Not,,1,11.t1,
to,to,,2,11.t2,
all,all,,3,11.t3,
men,men,false,4,11.t4,
",",",",,5,11.t5,
because,because,,6,11.t6,
it,it,,7,11.t7,
is,is,,8,11.t8,
permitted,permitted,,9,11.t9,
only,only,,10,11.t10,
to,to,,11,11.t11,
those,those,,12,11.t12,
who,who,,13,11.t13,
have,have,,14,11.t14,
been,been,,15,11.t15,
examined,examined,false,16,11.t16,
",",",",,17,11.t17,
and,and,,18,11.t18,
are,are,,19,11.t19,
passed,passed,,20,11.t20,
masters,masters,,21,11.t21,
in,in,,22,11.t22,
meditation,meditation,false,23,11.t23,
",",",",,24,11.t24,
and,and,,25,11.t25,
who,who,,26,11.t26,
have,have,,27,11.t27,
been,been,,28,11.t28,
previously,previously,,29,11.t29,
purified,purified,,30,11.t30,
in,in,,31,11.t31,
soul,soul,,32,11.t32,
and,and,,33,11.t33,
body,body,false,34,11.t34,
",",",",,35,11.t35,
or,or,,36,11.t36,
at,at,,37,11.t37,
the,the,,38,11.t38,
very,very,,39,11.t39,
least,least,,40,11.t40,
are,are,,41,11.t41,
being,being,,42,11.t42,
purified,purified,false,43,11.t43,
.,.,,44,11.t44,
For,For,,1,12.t1,
the,the,,2,12.t2,
impure,impure,,3,12.t3,
to,to,,4,12.t4,
touch,touch,,5,12.t5,
the,the,,6,12.t6,
pure,pure,,7,12.t7,
is,is,false,8,12.t8,
",",",",,9,12.t9,
we,we,,10,12.t10,
may,may,,11,12.t11,
safely,safely,,12,12.t12,
say,say,false,13,12.t13,
",",",",,14,12.t14,
not,not,,15,12.t15,
safe,safe,false,16,12.t16,
",",",",,17,12.t17,
just,just,,18,12.t18,
as,as,,19,12.t19,
it,it,,20,12.t20,
is,is,,21,12.t21,
unsafe,unsafe,,22,12.t22,
to,to,,23,12.t23,
fix,fix,,24,12.t24,
weak,weak,,25,12.t25,
eyes,eyes,,26,12.t26,
upon,upon,,27,12.t27,
the,the,,28,12.t28,
sun,sun,false,29,12.t29,
’s,’s,,30,12.t30,
rays,rays,false,31,12.t31,
.,.,,32,12.t32,
And,And,,1,13.t1,
what,what,,2,13.t2,
is,is,,3,13.t3,
the,the,,4,13.t4,
permitted,permitted,,5,13.t5,
occasion,occasion,false,6,13.t6,
?,?,,7,13.t7,
It,It,,1,14.t1,
is,is,,2,14.t2,
when,when,,3,14.t3,
we,we,,4,14.t4,
are,are,,5,14.t5,
free,free,,6,14.t6,
from,from,,7,14.t7,
all,all,,8,14.t8,
external,external,,9,14.t9,
defilement,defilement,,10,14.t10,
or,or,,11,14.t11,
disturbance,disturbance,false,12,14.t12,
",",",",,13,14.t13,
and,and,,14,14.t14,
when,when,,15,14.t15,
that,that,,16,14.t16,
which,which,,17,14.t17,
rules,rules,,18,14.t18,
within,within,,19,14.t19,
us,us,,20,14.t20,
is,is,,21,14.t21,
not,not,,22,14.t22,
confused,confused,,23,14.t23,
with,with,,24,14.t24,
vexatious,vexatious,,25,14.t25,
or,or,,26,14.t26,
erring,erring,,27,14.t27,
images,images,false,28,14.t28,
;,;,,29,14.t29,
like,like,,30,14.t30,
persons,persons,,31,14.t31,
mixing,mixing,,32,14.t32,
up,up,,33,14.t33,
good,good,,34,14.t34,
writing,writing,,35,14.t35,
with,with,,36,14.t36,
bad,bad,false,37,14.t37,
",",",",,38,14.t38,
or,or,,39,14.t39,
filth,filth,,40,14.t40,
with,with,,41,14.t41,
the,the,,42,14.t42,
sweet,sweet,,43,14.t43,
odours,odours,,44,14.t44,
of,of,,45,14.t45,
unguents,unguents,false,46,14.t46,
.,.,,47,14.t47,
For,For,,1,15.t1,
it,it,,2,15.t2,
is,is,,3,15.t3,
necessary,necessary,,4,15.t4,
to,to,,5,15.t5,
be,be,,6,15.t6,
truly,truly,,7,15.t7,
at,at,,8,15.t8,
leisure,leisure,,9,15.t9,
to,to,,10,15.t10,
know,know,,11,15.t11,
God,God,false,12,15.t12,
;,;,,13,15.t13,
and,and,,14,15.t14,
when,when,,15,15.t15,
we,we,,16,15.t16,
can,can,,17,15.t17,
get,get,,18,15.t18,
a,a,,19,15.t19,
convenient,convenient,,20,15.t20,
season,season,false,21,15.t21,
",",",",,22,15.t22,
to,to,,23,15.t23,
discern,discern,,24,15.t24,
the,the,,25,15.t25,
straight,straight,,26,15.t26,
road,road,,27,15.t27,
of,of,,28,15.t28,
the,the,,29,15.t29,
things,things,,30,15.t30,
divine,divine,false,31,15.t31,
.,.,,32,15.t32,
And,And,,1,16.t1,
who,who,,2,16.t2,
are,are,,3,16.t3,
the,the,,4,16.t4,
permitted,permitted,,5,16.t5,
persons,persons,false,6,16.t6,
?,?,,7,16.t7,
They,They,,1,17.t1,
to,to,,2,17.t2,
whom,whom,,3,17.t3,
the,the,,4,17.t4,
subject,subject,,5,17.t5,
is,is,,6,17.t6,
of,of,,7,17.t7,
real,real,,8,17.t8,
concern,concern,false,9,17.t9,
",",",",,10,17.t10,
and,and,,11,17.t11,
not,not,,12,17.t12,
they,they,,13,17.t13,
who,who,,14,17.t14,
make,make,,15,17.t15,
it,it,,16,17.t16,
a,a,,17,17.t17,
matter,matter,,18,17.t18,
of,of,,19,17.t19,
pleasant,pleasant,,20,17.t20,
gossip,gossip,false,21,17.t21,
",",",",,22,17.t22,
like,like,,23,17.t23,
any,any,,24,17.t24,
other,other,,25,17.t25,
thing,thing,false,26,17.t26,
",",",",,27,17.t27,
after,after,,28,17.t28,
the,the,,29,17.t29,
races,races,false,30,17.t30,
",",",",,31,17.t31,
or,or,,32,17.t32,
the,the,,33,17.t33,
theatre,theatre,false,34,17.t34,
",",",",,35,17.t35,
or,or,,36,17.t36,
a,a,,37,17.t37,
concert,concert,false,38,17.t38,
",",",",,39,17.t39,
or,or,,40,17.t40,
a,a,,41,17.t41,
dinner,dinner,false,42,17.t42,
",",",",,43,17.t43,
or,or,,44,17.t44,
still,still,,45,17.t45,
lower,lower,,46,17.t46,
employments,employments,false,47,17.t47,
.,.,,48,17.t48,
To,To,,1,18.t1,
such,such,,2,18.t2,
men,men,,3,18.t3,
as,as,,4,18.t4,
these,these,false,5,18.t5,
",",",",,6,18.t6,
idle,idle,,7,18.t7,
jests,jests,,8,18.t8,
and,and,,9,18.t9,
pretty,pretty,,10,18.t10,
contradictions,contradictions,,11,18.t11,
about,about,,12,18.t12,
these,these,,13,18.t13,
subjects,subjects,,14,18.t14,
are,are,,15,18.t15,
a,a,,16,18.t16,
part,part,,17,18.t17,
of,of,,18,18.t18,
their,their,,19,18.t19,
amusement,amusement,false,20,18.t20,
.,.,,21,18.t21,
Next,Next,false,1,19.t1,
",",",",,2,19.t2,
on,on,,3,19.t3,
what,what,,4,19.t4,
subjects,subjects,,5,19.t5,
and,and,,6,19.t6,
to,to,,7,19.t7,
what,what,,8,19.t8,
extent,extent,,9,19.t9,
may,may,,10,19.t10,
we,we,,11,19.t11,
philosophize,philosophize,false,12,19.t12,
?,?,,13,19.t13,
On,On,,1,20.t1,
matters,matters,,2,20.t2,
within,within,,3,20.t3,
our,our,,4,20.t4,
reach,reach,false,5,20.t5,
",",",",,6,20.t6,
and,and,,7,20.t7,
to,to,,8,20.t8,
such,such,,9,20.t9,
an,an,,10,20.t10,
extent,extent,,11,20.t11,
as,as,,12,20.t12,
the,the,,13,20.t13,
mental,mental,,14,20.t14,
power,power,,15,20.t15,
and,and,,16,20.t16,
grasp,grasp,,17,20.t17,
of,of,,18,20.t18,
our,our,,19,20.t19,
audience,audience,,20,20.t20,
may,may,,21,20.t21,
extend,extend,false,22,20.t22,
.,.,,23,20.t23,
No,No,,1,21.t1,
further,further,false,2,21.t2,
",",",",,3,21.t3,
lest,lest,false,4,21.t4,
",",",",,5,21.t5,
as,as,,6,21.t6,
excessively,excessively,,7,21.t7,
loud,loud,,8,21.t8,
sounds,sounds,,9,21.t9,
injure,injure,,10,21.t10,
the,the,,11,21.t11,
hearing,hearing,false,12,21.t12,
",",",",,13,21.t13,
or,or,,14,21.t14,
excess,excess,,15,21.t15,
of,of,,16,21.t16,
food,food,,17,21.t17,
the,the,,18,21.t18,
body,body,false,19,21.t19,
",",",",,20,21.t20,
or,or,false,21,21.t21,
",",",",,22,21.t22,
if,if,,23,21.t23,
you,you,,24,21.t24,
will,will,false,25,21.t25,
",",",",,26,21.t26,
as,as,,27,21.t27,
excessive,excessive,,28,21.t28,
burdens,burdens,,29,21.t29,
beyond,beyond,,30,21.t30,
the,the,,31,21.t31,
strength,strength,,32,21.t32,
injure,injure,,33,21.t33,
those,those,,34,21.t34,
who,who,,35,21.t35,
bear,bear,,36,21.t36,
them,them,false,37,21.t37,
",",",",,38,21.t38,
or,or,,39,21.t39,
excessive,excessive,,40,21.t40,
rains,rains,,41,21.t41,
the,the,,42,21.t42,
earth,earth,false,43,21.t43,
;,;,,44,21.t44,
so,so,,45,21.t45,
these,these,,46,21.t46,
too,too,false,47,21.t47,
",",",",,48,21.t48,
being,being,,49,21.t49,
pressed,pressed,,50,21.t50,
down,down,,51,21.t51,
and,and,,52,21.t52,
overweighted,overweighted,,53,21.t53,
by,by,,54,21.t54,
the,the,,55,21.t55,
stiffness,stiffness,false,56,21.t56,
",",",",,57,21.t57,
if,if,,58,21.t58,
I,I,,59,21.t59,
may,may,,60,21.t60,
use,use,,61,21.t61,
the,the,,62,21.t62,
expression,expression,false,63,21.t63,
",",",",,64,21.t64,
of,of,,65,21.t65,
the,the,,66,21.t66,
arguments,arguments,,67,21.t67,
should,should,,68,21.t68,
suffer,suffer,,69,21.t69,
loss,loss,,70,21.t70,
even,even,,71,21.t71,
in,in,,72,21.t72,
respect,respect,,73,21.t73,
of,of,,74,21.t74,
the,the,,75,21.t75,
strength,strength,,76,21.t76,
they,they,,77,21.t77,
originally,originally,,78,21.t78,
possessed,possessed,false,79,21.t79,
.,.,,80,21.t80,
Now,Now,false,1,22.t1,
",",",",,2,22.t2,
I,I,,3,22.t3,
am,am,,4,22.t4,
not,not,,5,22.t5,
saying,saying,,6,22.t6,
that,that,,7,22.t7,
it,it,,8,22.t8,
is,is,,9,22.t9,
not,not,,10,22.t10,
needful,needful,,11,22.t11,
to,to,,12,22.t12,
remember,remember,,13,22.t13,
God,God,,14,22.t14,
at,at,,15,22.t15,
all,all,,16,22.t16,
times,times,false,17,22.t17,
;,;,,18,22.t18,
…,…,false,19,22.t19,
I,I,,20,22.t20,
must,must,,21,22.t21,
not,not,,22,22.t22,
be,be,,23,22.t23,
misunderstood,misunderstood,false,24,22.t24,
",",",",,25,22.t25,
or,or,,26,22.t26,
I,I,,27,22.t27,
shall,shall,,28,22.t28,
be,be,,29,22.t29,
having,having,,30,22.t30,
these,these,,31,22.t31,
nimble,nimble,,32,22.t32,
and,and,,33,22.t33,
quick,quick,,34,22.t34,
people,people,,35,22.t35,
down,down,,36,22.t36,
upon,upon,,37,22.t37,
me,me,,38,22.t38,
again,again,false,39,22.t39,
.,.,,40,22.t40,
For,For,,1,23.t1,
we,we,,2,23.t2,
ought,ought,,3,23.t3,
to,to,,4,23.t4,
think,think,,5,23.t5,
of,of,,6,23.t6,
God,God,,7,23.t7,
even,even,,8,23.t8,
more,more,,9,23.t9,
often,often,,10,23.t10,
than,than,,11,23.t11,
we,we,,12,23.t12,
draw,draw,,13,23.t13,
our,our,,14,23.t14,
breath,breath,false,15,23.t15,
;,;,,16,23.t16,
and,and,,17,23.t17,
if,if,,18,23.t18,
the,the,,19,23.t19,
expression,expression,,20,23.t20,
is,is,,21,23.t21,
permissible,permissible,false,22,23.t22,
",",",",,23,23.t23,
we,we,,24,23.t24,
ought,ought,,25,23.t25,
to,to,,26,23.t26,
do,do,,27,23.t27,
nothing,nothing,,28,23.t28,
else,else,false,29,23.t29,
.,.,,30,23.t30,
Yea,Yea,false,1,24.t1,
",",",",,2,24.t2,
I,I,,3,24.t3,
am,am,,4,24.t4,
one,one,,5,24.t5,
of,of,,6,24.t6,
those,those,,7,24.t7,
who,who,,8,24.t8,
entirely,entirely,,9,24.t9,
approve,approve,,10,24.t10,
that,that,,11,24.t11,
Word,Word,,12,24.t12,
which,which,,13,24.t13,
bids,bids,,14,24.t14,
us,us,,15,24.t15,
meditate,meditate,,16,24.t16,
day,day,,17,24.t17,
and,and,,18,24.t18,
night,night,false,19,24.t19,
",",",",,20,24.t20,
and,and,,21,24.t21,
tell,tell,,22,24.t22,
at,at,,23,24.t23,
eventide,eventide,,24,24.t24,
and,and,,25,24.t25,
morning,morning,,26,24.t26,
and,and,,27,24.t27,
noon,noon,,28,24.t28,
day,day,false,29,24.t29,
",",",",,30,24.t30,
and,and,,31,24.t31,
praise,praise,,32,24.t32,
the,the,,33,24.t33,
Lord,Lord,,34,24.t34,
at,at,,35,24.t35,
every,every,,36,24.t36,
time,time,false,37,24.t37,
;,;,,38,24.t38,
or,or,false,39,24.t39,
",",",",,40,24.t40,
to,to,,41,24.t41,
use,use,,42,24.t42,
Moses,Moses,false,43,24.t43,
’,’,,44,24.t44,
words,words,false,45,24.t45,
",",",",,46,24.t46,
whether,whether,,47,24.t47,
a,a,,48,24.t48,
man,man,,49,24.t49,
lie,lie,,50,24.t50,
down,down,false,51,24.t51,
",",",",,52,24.t52,
or,or,,53,24.t53,
rise,rise,,54,24.t54,
up,up,false,55,24.t55,
",",",",,56,24.t56,
or,or,,57,24.t57,
walk,walk,,58,24.t58,
by,by,,59,24.t59,
the,the,,60,24.t60,
way,way,false,61,24.t61,
",",",",,62,24.t62,
or,or,,63,24.t63,
whatever,whatever,,64,24.t64,
else,else,,65,24.t65,
he,he,,66,24.t66,
be,be,,67,24.t67,
doing,doing,,68,24.t68,
—,—,,69,24.t69,
and,and,,70,24.t70,
by,by,,71,24.t71,
this,this,,72,24.t72,
recollection,recollection,,73,24.t73,
we,we,,74,24.t74,
are,are,,75,24.t75,
to,to,,76,24.t76,
be,be,,77,24.t77,
moulded,moulded,,78,24.t78,
to,to,,79,24.t79,
purity,purity,false,80,24.t80,
.,.,,81,24.t81,
So,So,,1,25.t1,
that,that,,2,25.t2,
it,it,,3,25.t3,
is,is,,4,25.t4,
not,not,,5,25.t5,
the,the,,6,25.t6,
continual,continual,,7,25.t7,
remembrance,remembrance,,8,25.t8,
of,of,,9,25.t9,
God,God,,10,25.t10,
that,that,,11,25.t11,
I,I,,12,25.t12,
would,would,,13,25.t13,
hinder,hinder,false,14,25.t14,
",",",",,15,25.t15,
but,but,,16,25.t16,
only,only,,17,25.t17,
the,the,,18,25.t18,
talking,talking,,19,25.t19,
about,about,,20,25.t20,
God,God,false,21,25.t21,
;,;,,22,25.t22,
nor,nor,,23,25.t23,
even,even,,24,25.t24,
that,that,,25,25.t25,
as,as,,26,25.t26,
in,in,,27,25.t27,
itself,itself,,28,25.t28,
wrong,wrong,false,29,25.t29,
",",",",,30,25.t30,
but,but,,31,25.t31,
only,only,,32,25.t32,
when,when,,33,25.t33,
unseasonable,unseasonable,false,34,25.t34,
;,;,,35,25.t35,
nor,nor,,36,25.t36,
all,all,,37,25.t37,
teaching,teaching,false,38,25.t38,
",",",",,39,25.t39,
but,but,,40,25.t40,
only,only,,41,25.t41,
want,want,,42,25.t42,
of,of,,43,25.t43,
moderation,moderation,false,44,25.t44,
.,.,,45,25.t45,
As,As,,1,26.t1,
of,of,,2,26.t2,
even,even,,3,26.t3,
honey,honey,,4,26.t4,
repletion,repletion,,5,26.t5,
and,and,,6,26.t6,
satiety,satiety,false,7,26.t7,
",",",",,8,26.t8,
though,though,,9,26.t9,
it,it,,10,26.t10,
be,be,,11,26.t11,
of,of,,12,26.t12,
honey,honey,false,13,26.t13,
",",",",,14,26.t14,
produce,produce,,15,26.t15,
vomiting,vomiting,false,16,26.t16,
;,;,,17,26.t17,
and,and,false,18,26.t18,
",",",",,19,26.t19,
as,as,,20,26.t20,
Solomon,Solomon,,21,26.t21,
says,says,,22,26.t22,
and,and,,23,26.t23,
I,I,,24,26.t24,
think,think,false,25,26.t25,
",",",",,26,26.t26,
there,there,,27,26.t27,
is,is,,28,26.t28,
a,a,,29,26.t29,
time,time,,30,26.t30,
for,for,,31,26.t31,
every,every,,32,26.t32,
thing,thing,false,33,26.t33,
",",",",,34,26.t34,
and,and,,35,26.t35,
that,that,,36,26.t36,
which,which,,37,26.t37,
is,is,,38,26.t38,
good,good,,39,26.t39,
ceases,ceases,,40,26.t40,
to,to,,41,26.t41,
be,be,,42,26.t42,
good,good,,43,26.t43,
if,if,,44,26.t44,
it,it,,45,26.t45,
be,be,,46,26.t46,
not,not,,47,26.t47,
done,done,,48,26.t48,
in,in,,49,26.t49,
a,a,,50,26.t50,
good,good,,51,26.t51,
way,way,false,52,26.t52,
;,;,,53,26.t53,
just,just,,54,26.t54,
as,as,,55,26.t55,
a,a,,56,26.t56,
flower,flower,,57,26.t57,
is,is,,58,26.t58,
quite,quite,,59,26.t59,
out,out,,60,26.t60,
of,of,,61,26.t61,
season,season,,62,26.t62,
in,in,,63,26.t63,
winter,winter,false,64,26.t64,
",",",",,65,26.t65,
and,and,,66,26.t66,
just,just,,67,26.t67,
as,as,,68,26.t68,
a,a,,69,26.t69,
man,man,false,70,26.t70,
’s,’s,,71,26.t71,
dress,dress,,72,26.t72,
does,does,,73,26.t73,
not,not,,74,26.t74,
become,become,,75,26.t75,
a,a,,76,26.t76,
woman,woman,false,77,26.t77,
",",",",,78,26.t78,
nor,nor,,79,26.t79,
a,a,,80,26.t80,
woman,woman,false,81,26.t81,
’s,’s,,82,26.t82,
a,a,,83,26.t83,
man,man,false,84,26.t84,
;,;,,85,26.t85,
and,and,,86,26.t86,
as,as,,87,26.t87,
geometry,geometry,,88,26.t88,
is,is,,89,26.t89,
out,out,,90,26.t90,
of,of,,91,26.t91,
place,place,,92,26.t92,
in,in,,93,26.t93,
mourning,mourning,false,94,26.t94,
",",",",,95,26.t95,
or,or,,96,26.t96,
tears,tears,,97,26.t97,
at,at,,98,26.t98,
a,a,,99,26.t99,
carousal,carousal,false,100,26.t100,
;,;,,101,26.t101,
shall,shall,,102,26.t102,
we,we,,103,26.t103,
in,in,,104,26.t104,
this,this,,105,26.t105,
instance,instance,,106,26.t106,
alone,alone,,107,26.t107,
disregard,disregard,,108,26.t108,
the,the,,109,26.t109,
proper,proper,,110,26.t110,
time,time,false,111,26.t111,
",",",",,112,26.t112,
in,in,,113,26.t113,
a,a,,114,26.t114,
matter,matter,,115,26.t115,
in,in,,116,26.t116,
which,which,,117,26.t117,
most,most,,118,26.t118,
of,of,,119,26.t119,
all,all,,120,26.t120,
due,due,,121,26.t121,
season,season,,122,26.t122,
should,should,,123,26.t123,
be,be,,124,26.t124,
respected,respected,false,125,26.t125,
?,?,,126,26.t126,
Surely,Surely,,1,27.t1,
not,not,false,2,27.t2,
",",",",,3,27.t3,
my,my,,4,27.t4,
friends,friends,,5,27.t5,
and,and,,6,27.t6,
brethren,brethren,,7,27.t7,
(,(,false,8,27.t8,
for,for,,9,27.t9,
I,I,,10,27.t10,
will,will,,11,27.t11,
still,still,,12,27.t12,
call,call,,13,27.t13,
you,you,,14,27.t14,
Brethren,Brethren,false,15,27.t15,
",",",",,16,27.t16,
though,though,,17,27.t17,
you,you,,18,27.t18,
do,do,,19,27.t19,
not,not,,20,27.t20,
behave,behave,,21,27.t21,
like,like,,22,27.t22,
brothers,brothers,false,23,27.t23,
),),false,24,27.t24,
.,.,,25,27.t25,
Let,Let,,1,28.t1,
us,us,,2,28.t2,
not,not,,3,28.t3,
think,think,,4,28.t4,
so,so,,5,28.t5,
nor,nor,,6,28.t6,
yet,yet,false,7,28.t7,
",",",",,8,28.t8,
like,like,,9,28.t9,
hot,hot,,10,28.t10,
tempered,tempered,,11,28.t11,
and,and,,12,28.t12,
hard,hard,,13,28.t13,
mouthed,mouthed,,14,28.t14,
horses,horses,false,15,28.t15,
",",",",,16,28.t16,
throwing,throwing,,17,28.t17,
off,off,,18,28.t18,
our,our,,19,28.t19,
rider,rider,,20,28.t20,
Reason,Reason,false,21,28.t21,
",",",",,22,28.t22,
and,and,,23,28.t23,
casting,casting,,24,28.t24,
away,away,,25,28.t25,
Reverence,Reverence,false,26,28.t26,
",",",",,27,28.t27,
that,that,,28,28.t28,
keeps,keeps,,29,28.t29,
us,us,,30,28.t30,
within,within,,31,28.t31,
due,due,,32,28.t32,
limits,limits,false,33,28.t33,
",",",",,34,28.t34,
run,run,,35,28.t35,
far,far,,36,28.t36,
away,away,,37,28.t37,
from,from,,38,28.t38,
the,the,,39,28.t39,
turning,turning,,40,28.t40,
point,point,false,41,28.t41,
",",",",,42,28.t42,
but,but,,43,28.t43,
let,let,,44,28.t44,
us,us,,45,28.t45,
philosophize,philosophize,,46,28.t46,
within,within,,47,28.t47,
our,our,,48,28.t48,
proper,proper,,49,28.t49,
bounds,bounds,false,50,28.t50,
",",",",,51,28.t51,
and,and,,52,28.t52,
not,not,,53,28.t53,
be,be,,54,28.t54,
carried,carried,,55,28.t55,
away,away,,56,28.t56,
into,into,,57,28.t57,
Egypt,Egypt,false,58,28.t58,
",",",",,59,28.t59,
nor,nor,,60,28.t60,
be,be,,61,28.t61,
swept,swept,,62,28.t62,
down,down,,63,28.t63,
into,into,,64,28.t64,
Assyria,Assyria,false,65,28.t65,
",",",",,66,28.t66,
nor,nor,,67,28.t67,
sing,sing,,68,28.t68,
the,the,,69,28.t69,
Lord,Lord,false,70,28.t70,
’s,’s,,71,28.t71,
song,song,,72,28.t72,
in,in,,73,28.t73,
a,a,,74,28.t74,
strange,strange,,75,28.t75,
land,land,false,76,28.t76,
",",",",,77,28.t77,
by,by,,78,28.t78,
which,which,,79,28.t79,
I,I,,80,28.t80,
mean,mean,,81,28.t81,
before,before,,82,28.t82,
any,any,,83,28.t83,
kind,kind,,84,28.t84,
of,of,,85,28.t85,
audience,audience,false,86,28.t86,
",",",",,87,28.t87,
strangers,strangers,,88,28.t88,
or,or,,89,28.t89,
kindred,kindred,false,90,28.t90,
",",",",,91,28.t91,
hostile,hostile,,92,28.t92,
or,or,,93,28.t93,
friendly,friendly,false,94,28.t94,
",",",",,95,28.t95,
kindly,kindly,,96,28.t96,
or,or,,97,28.t97,
the,the,,98,28.t98,
reverse,reverse,false,99,28.t99,
",",",",,100,28.t100,
who,who,,101,28.t101,
watch,watch,,102,28.t102,
what,what,,103,28.t103,
we,we,,104,28.t104,
do,do,,105,28.t105,
with,with,,106,28.t106,
over,over,,107,28.t107,
great,great,,108,28.t108,
care,care,false,109,28.t109,
",",",",,110,28.t110,
and,and,,111,28.t111,
would,would,,112,28.t112,
like,like,,113,28.t113,
the,the,,114,28.t114,
spark,spark,,115,28.t115,
of,of,,116,28.t116,
what,what,,117,28.t117,
is,is,,118,28.t118,
wrong,wrong,,119,28.t119,
in,in,,120,28.t120,
us,us,,121,28.t121,
to,to,,122,28.t122,
become,become,,123,28.t123,
a,a,,124,28.t124,
flame,flame,false,125,28.t125,
",",",",,126,28.t126,
and,and,,127,28.t127,
secretly,secretly,,128,28.t128,
kindle,kindle,,129,28.t129,
and,and,,130,28.t130,
fan,fan,,131,28.t131,
it,it,,132,28.t132,
and,and,,133,28.t133,
raise,raise,,134,28.t134,
it,it,,135,28.t135,
to,to,,136,28.t136,
heaven,heaven,,137,28.t137,
with,with,,138,28.t138,
their,their,,139,28.t139,
breath,breath,,140,28.t140,
and,and,,141,28.t141,
make,make,,142,28.t142,
it,it,,143,28.t143,
higher,higher,,144,28.t144,
than,than,,145,28.t145,
the,the,,146,28.t146,
Babylonian,Babylonian,,147,28.t147,
flame,flame,,148,28.t148,
which,which,,149,28.t149,
burnt,burnt,,150,28.t150,
up,up,,151,28.t151,
every,every,,152,28.t152,
thing,thing,,153,28.t153,
around,around,,154,28.t154,
it,it,false,155,28.t155,
.,.,,156,28.t156,
For,For,,1,29.t1,
since,since,,2,29.t2,
their,their,,3,29.t3,
strength,strength,,4,29.t4,
lies,lies,,5,29.t5,
not,not,,6,29.t6,
in,in,,7,29.t7,
their,their,,8,29.t8,
own,own,,9,29.t9,
dogmas,dogmas,false,10,29.t10,
",",",",,11,29.t11,
they,they,,12,29.t12,
hunt,hunt,,13,29.t13,
for,for,,14,29.t14,
it,it,,15,29.t15,
in,in,,16,29.t16,
our,our,,17,29.t17,
weak,weak,,18,29.t18,
points,points,false,19,29.t19,
.,.,,20,29.t20,
And,And,,1,30.t1,
therefore,therefore,,2,30.t2,
they,they,,3,30.t3,
apply,apply,,4,30.t4,
themselves,themselves,,5,30.t5,
to,to,,6,30.t6,
our,our,,7,30.t7,
—,—,,8,30.t8,
shall,shall,,9,30.t9,
I,I,,10,30.t10,
say,say,,11,30.t11,
“,“,false,12,30.t12,
misfortunes,misfortunes,false,13,30.t13,
”,”,,14,30.t14,
or,or,,15,30.t15,
“,“,false,16,30.t16,
failings,failings,false,17,30.t17,
”,”,false,18,30.t18,
?,?,,19,30.t19,
—,—,,20,30.t20,
like,like,,21,30.t21,
flies,flies,,22,30.t22,
to,to,,23,30.t23,
wounds,wounds,false,24,30.t24,
.,.,,25,30.t25,
But,But,,1,31.t1,
let,let,,2,31.t2,
us,us,,3,31.t3,
at,at,,4,31.t4,
least,least,,5,31.t5,
be,be,,6,31.t6,
no,no,,7,31.t7,
longer,longer,,8,31.t8,
ignorant,ignorant,,9,31.t9,
of,of,,10,31.t10,
ourselves,ourselves,false,11,31.t11,
",",",",,12,31.t12,
or,or,,13,31.t13,
pay,pay,,14,31.t14,
too,too,,15,31.t15,
little,little,,16,31.t16,
attention,attention,,17,31.t17,
to,to,,18,31.t18,
the,the,,19,31.t19,
due,due,,20,31.t20,
order,order,,21,31.t21,
in,in,,22,31.t22,
these,these,,23,31.t23,
matters,matters,false,24,31.t24,
.,.,,25,31.t25,
And,And,,1,32.t1,
if,if,,2,32.t2,
it,it,,3,32.t3,
be,be,,4,32.t4,
impossible,impossible,,5,32.t5,
to,to,,6,32.t6,
put,put,,7,32.t7,
an,an,,8,32.t8,
end,end,,9,32.t9,
to,to,,10,32.t10,
the,the,,11,32.t11,
existing,existing,,12,32.t12,
hostility,hostility,false,13,32.t13,
",",",",,14,32.t14,
let,let,,15,32.t15,
us,us,,16,32.t16,
at,at,,17,32.t17,
least,least,,18,32.t18,
agree,agree,,19,32.t19,
upon,upon,,20,32.t20,
this,this,false,21,32.t21,
",",",",,22,32.t22,
that,that,,23,32.t23,
we,we,,24,32.t24,
will,will,,25,32.t25,
utter,utter,,26,32.t26,
Mysteries,Mysteries,,27,32.t27,
under,under,,28,32.t28,
our,our,,29,32.t29,
breath,breath,false,30,32.t30,
",",",",,31,32.t31,
and,and,,32,32.t32,
holy,holy,,33,32.t33,
things,things,,34,32.t34,
in,in,,35,32.t35,
a,a,,36,32.t36,
holy,holy,,37,32.t37,
manner,manner,false,38,32.t38,
",",",",,39,32.t39,
and,and,,40,32.t40,
we,we,,41,32.t41,
will,will,,42,32.t42,
not,not,,43,32.t43,
cast,cast,,44,32.t44,
to,to,,45,32.t45,
ears,ears,,46,32.t46,
profane,profane,,47,32.t47,
that,that,,48,32.t48,
which,which,,49,32.t49,
may,may,,50,32.t50,
not,not,,51,32.t51,
be,be,,52,32.t52,
uttered,uttered,false,53,32.t53,
",",",",,54,32.t54,
nor,nor,,55,32.t55,
give,give,,56,32.t56,
evidence,evidence,,57,32.t57,
that,that,,58,32.t58,
we,we,,59,32.t59,
possess,possess,,60,32.t60,
less,less,,61,32.t61,
gravity,gravity,,62,32.t62,
than,than,,63,32.t63,
those,those,,64,32.t64,
who,who,,65,32.t65,
worship,worship,,66,32.t66,
demons,demons,false,67,32.t67,
",",",",,68,32.t68,
and,and,,69,32.t69,
serve,serve,,70,32.t70,
shameful,shameful,,71,32.t71,
fables,fables,,72,32.t72,
and,and,,73,32.t73,
deeds,deeds,false,74,32.t74,
;,;,,75,32.t75,
for,for,,76,32.t76,
they,they,,77,32.t77,
would,would,,78,32.t78,
sooner,sooner,,79,32.t79,
give,give,,80,32.t80,
their,their,,81,32.t81,
blood,blood,,82,32.t82,
to,to,,83,32.t83,
the,the,,84,32.t84,
uninitiated,uninitiated,,85,32.t85,
than,than,,86,32.t86,
certain,certain,,87,32.t87,
words,words,false,88,32.t88,
.,.,,89,32.t89,
But,But,,1,33.t1,
let,let,,2,33.t2,
us,us,,3,33.t3,
recognize,recognize,,4,33.t4,
that,that,,5,33.t5,
as,as,,6,33.t6,
in,in,,7,33.t7,
dress,dress,,8,33.t8,
and,and,,9,33.t9,
diet,diet,,10,33.t10,
and,and,,11,33.t11,
laughter,laughter,,12,33.t12,
and,and,,13,33.t13,
demeanour,demeanour,,14,33.t14,
there,there,,15,33.t15,
is,is,,16,33.t16,
a,a,,17,33.t17,
certain,certain,,18,33.t18,
decorum,decorum,false,19,33.t19,
",",",",,20,33.t20,
so,so,,21,33.t21,
there,there,,22,33.t22,
is,is,,23,33.t23,
also,also,,24,33.t24,
in,in,,25,33.t25,
speech,speech,,26,33.t26,
and,and,,27,33.t27,
silence,silence,false,28,33.t28,
;,;,,29,33.t29,
since,since,,30,33.t30,
among,among,,31,33.t31,
so,so,,32,33.t32,
many,many,,33,33.t33,
titles,titles,,34,33.t34,
and,and,,35,33.t35,
powers,powers,,36,33.t36,
of,of,,37,33.t37,
God,God,false,38,33.t38,
",",",",,39,33.t39,
we,we,,40,33.t40,
pay,pay,,41,33.t41,
the,the,,42,33.t42,
highest,highest,,43,33.t43,
honour,honour,,44,33.t44,
to,to,,45,33.t45,
The,The,,46,33.t46,
Word,Word,false,47,33.t47,
.,.,,48,33.t48,
Let,Let,,1,34.t1,
even,even,,2,34.t2,
our,our,,3,34.t3,
disputings,disputings,,4,34.t4,
then,then,,5,34.t5,
be,be,,6,34.t6,
kept,kept,,7,34.t7,
within,within,,8,34.t8,
bounds,bounds,false,9,34.t9,
.,.,,10,34.t10,
Why,Why,,1,35.t1,
should,should,,2,35.t2,
a,a,,3,35.t3,
man,man,,4,35.t4,
who,who,,5,35.t5,
is,is,,6,35.t6,
a,a,,7,35.t7,
hostile,hostile,,8,35.t8,
listener,listener,,9,35.t9,
to,to,,10,35.t10,
such,such,,11,35.t11,
words,words,,12,35.t12,
be,be,,13,35.t13,
allowed,allowed,,14,35.t14,
to,to,,15,35.t15,
hear,hear,,16,35.t16,
about,about,,17,35.t17,
the,the,,18,35.t18,
Generation,Generation,,19,35.t19,
of,of,,20,35.t20,
God,God,false,21,35.t21,
",",",",,22,35.t22,
or,or,,23,35.t23,
his,his,,24,35.t24,
creation,creation,false,25,35.t25,
",",",",,26,35.t26,
or,or,,27,35.t27,
how,how,,28,35.t28,
God,God,,29,35.t29,
was,was,,30,35.t30,
made,made,,31,35.t31,
out,out,,32,35.t32,
of,of,,33,35.t33,
things,things,,34,35.t34,
which,which,,35,35.t35,
had,had,,36,35.t36,
no,no,,37,35.t37,
existence,existence,false,38,35.t38,
",",",",,39,35.t39,
or,or,,40,35.t40,
of,of,,41,35.t41,
section,section,,42,35.t42,
and,and,,43,35.t43,
analysis,analysis,,44,35.t44,
and,and,,45,35.t45,
division,division,false,46,35.t46,
?,?,,47,35.t47,
Why,Why,,1,36.t1,
do,do,,2,36.t2,
we,we,,3,36.t3,
make,make,,4,36.t4,
our,our,,5,36.t5,
accusers,accusers,,6,36.t6,
judges,judges,false,7,36.t7,
?,?,,8,36.t8,
Why,Why,,1,37.t1,
do,do,,2,37.t2,
we,we,,3,37.t3,
put,put,,4,37.t4,
swords,swords,,5,37.t5,
into,into,,6,37.t6,
the,the,,7,37.t7,
hands,hands,,8,37.t8,
of,of,,9,37.t9,
our,our,,10,37.t10,
enemies,enemies,false,11,37.t11,
?,?,,12,37.t12,
How,How,false,1,38.t1,
",",",",,2,38.t2,
thinkest,thinkest,,3,38.t3,
thou,thou,false,4,38.t4,
",",",",,5,38.t5,
or,or,,6,38.t6,
with,with,,7,38.t7,
what,what,,8,38.t8,
temper,temper,false,9,38.t9,
",",",",,10,38.t10,
will,will,,11,38.t11,
the,the,,12,38.t12,
arguments,arguments,,13,38.t13,
about,about,,14,38.t14,
such,such,,15,38.t15,
subjects,subjects,,16,38.t16,
be,be,,17,38.t17,
received,received,,18,38.t18,
by,by,,19,38.t19,
one,one,,20,38.t20,
who,who,,21,38.t21,
approves,approves,,22,38.t22,
of,of,,23,38.t23,
adulteries,adulteries,false,24,38.t24,
",",",",,25,38.t25,
and,and,,26,38.t26,
corruption,corruption,,27,38.t27,
of,of,,28,38.t28,
children,children,false,29,38.t29,
",",",",,30,38.t30,
and,and,,31,38.t31,
who,who,,32,38.t32,
worships,worships,,33,38.t33,
the,the,,34,38.t34,
passions,passions,,35,38.t35,
and,and,,36,38.t36,
cannot,cannot,,37,38.t37,
conceive,conceive,,38,38.t38,
of,of,,39,38.t39,
aught,aught,,40,38.t40,
higher,higher,,41,38.t41,
than,than,,42,38.t42,
the,the,,43,38.t43,
body,body,,44,38.t44,
who,who,,45,38.t45,
till,till,,46,38.t46,
very,very,,47,38.t47,
lately,lately,,48,38.t48,
set,set,,49,38.t49,
up,up,,50,38.t50,
gods,gods,,51,38.t51,
for,for,,52,38.t52,
himself,himself,false,53,38.t53,
",",",",,54,38.t54,
and,and,,55,38.t55,
gods,gods,,56,38.t56,
too,too,,57,38.t57,
who,who,,58,38.t58,
were,were,,59,38.t59,
noted,noted,,60,38.t60,
for,for,,61,38.t61,
the,the,,62,38.t62,
vilest,vilest,,63,38.t63,
deeds,deeds,false,64,38.t64,
?,?,,65,38.t65,
Will,Will,,1,39.t1,
it,it,,2,39.t2,
not,not,,3,39.t3,
first,first,,4,39.t4,
be,be,,5,39.t5,
from,from,,6,39.t6,
a,a,,7,39.t7,
material,material,,8,39.t8,
standpoint,standpoint,false,9,39.t9,
",",",",,10,39.t10,
shamefully,shamefully,,11,39.t11,
and,and,,12,39.t12,
ignorantly,ignorantly,false,13,39.t13,
",",",",,14,39.t14,
and,and,,15,39.t15,
in,in,,16,39.t16,
the,the,,17,39.t17,
sense,sense,,18,39.t18,
to,to,,19,39.t19,
which,which,,20,39.t20,
he,he,,21,39.t21,
has,has,,22,39.t22,
been,been,,23,39.t23,
accustomed,accustomed,false,24,39.t24,
?,?,,25,39.t25,
Will,Will,,1,40.t1,
he,he,,2,40.t2,
not,not,,3,40.t3,
make,make,,4,40.t4,
thy,thy,,5,40.t5,
Theology,Theology,,6,40.t6,
a,a,,7,40.t7,
defence,defence,,8,40.t8,
for,for,,9,40.t9,
his,his,,10,40.t10,
own,own,,11,40.t11,
gods,gods,,12,40.t12,
and,and,,13,40.t13,
passions,passions,false,14,40.t14,
?,?,,15,40.t15,
For,For,,1,41.t1,
if,if,,2,41.t2,
we,we,,3,41.t3,
ourselves,ourselves,,4,41.t4,
wantonly,wantonly,,5,41.t5,
misuse,misuse,,6,41.t6,
these,these,,7,41.t7,
words,words,false,8,41.t8,
",",",",,9,41.t9,
it,it,,10,41.t10,
will,will,,11,41.t11,
be,be,,12,41.t12,
a,a,,13,41.t13,
long,long,,14,41.t14,
time,time,,15,41.t15,
before,before,,16,41.t16,
we,we,,17,41.t17,
shall,shall,,18,41.t18,
persuade,persuade,,19,41.t19,
them,them,,20,41.t20,
to,to,,21,41.t21,
accept,accept,,22,41.t22,
our,our,,23,41.t23,
philosophy,philosophy,false,24,41.t24,
.,.,,25,41.t25,
And,And,,1,42.t1,
if,if,,2,42.t2,
they,they,,3,42.t3,
are,are,,4,42.t4,
in,in,,5,42.t5,
their,their,,6,42.t6,
own,own,,7,42.t7,
persons,persons,,8,42.t8,
inventors,inventors,,9,42.t9,
of,of,,10,42.t10,
evil,evil,,11,42.t11,
things,things,false,12,42.t12,
",",",",,13,42.t13,
how,how,,14,42.t14,
should,should,,15,42.t15,
they,they,,16,42.t16,
refrain,refrain,,17,42.t17,
from,from,,18,42.t18,
grasping,grasping,,19,42.t19,
at,at,,20,42.t20,
such,such,,21,42.t21,
things,things,,22,42.t22,
when,when,,23,42.t23,
offered,offered,,24,42.t24,
to,to,,25,42.t25,
them,them,false,26,42.t26,
?,?,,27,42.t27,
Such,Such,,1,43.t1,
results,results,,2,43.t2,
come,come,,3,43.t3,
to,to,,4,43.t4,
us,us,,5,43.t5,
from,from,,6,43.t6,
mutual,mutual,,7,43.t7,
contest,contest,false,8,43.t8,
.,.,,9,43.t9,
Such,Such,,1,44.t1,
results,results,,2,44.t2,
follow,follow,,3,44.t3,
to,to,,4,44.t4,
those,those,,5,44.t5,
who,who,,6,44.t6,
fight,fight,,7,44.t7,
for,for,,8,44.t8,
the,the,,9,44.t9,
Word,Word,,10,44.t10,
beyond,beyond,,11,44.t11,
what,what,,12,44.t12,
the,the,,13,44.t13,
Word,Word,,14,44.t14,
approves,approves,false,15,44.t15,
;,;,,16,44.t16,
they,they,,17,44.t17,
are,are,,18,44.t18,
behaving,behaving,,19,44.t19,
like,like,,20,44.t20,
mad,mad,,21,44.t21,
people,people,false,22,44.t22,
",",",",,23,44.t23,
who,who,,24,44.t24,
set,set,,25,44.t25,
their,their,,26,44.t26,
own,own,,27,44.t27,
house,house,,28,44.t28,
on,on,,29,44.t29,
fire,fire,false,30,44.t30,
",",",",,31,44.t31,
or,or,,32,44.t32,
tear,tear,,33,44.t33,
their,their,,34,44.t34,
own,own,,35,44.t35,
children,children,false,36,44.t36,
",",",",,37,44.t37,
or,or,,38,44.t38,
disavow,disavow,,39,44.t39,
their,their,,40,44.t40,
own,own,,41,44.t41,
parents,parents,false,42,44.t42,
",",",",,43,44.t43,
taking,taking,,44,44.t44,
them,them,,45,44.t45,
for,for,,46,44.t46,
strangers,strangers,false,47,44.t47,
.,.,,48,44.t48,
But,But,,1,45.t1,
when,when,,2,45.t2,
we,we,,3,45.t3,
have,have,,4,45.t4,
put,put,,5,45.t5,
away,away,,6,45.t6,
from,from,,7,45.t7,
the,the,,8,45.t8,
conversation,conversation,,9,45.t9,
those,those,,10,45.t10,
who,who,,11,45.t11,
are,are,,12,45.t12,
strangers,strangers,,13,45.t13,
to,to,,14,45.t14,
it,it,false,15,45.t15,
",",",",,16,45.t16,
and,and,,17,45.t17,
sent,sent,,18,45.t18,
the,the,,19,45.t19,
great,great,,20,45.t20,
legion,legion,,21,45.t21,
on,on,,22,45.t22,
its,its,,23,45.t23,
way,way,,24,45.t24,
to,to,,25,45.t25,
the,the,,26,45.t26,
abyss,abyss,,27,45.t27,
into,into,,28,45.t28,
the,the,,29,45.t29,
herd,herd,,30,45.t30,
of,of,,31,45.t31,
swine,swine,false,32,45.t32,
",",",",,33,45.t33,
the,the,,34,45.t34,
next,next,,35,45.t35,
thing,thing,,36,45.t36,
is,is,,37,45.t37,
to,to,,38,45.t38,
look,look,,39,45.t39,
to,to,,40,45.t40,
ourselves,ourselves,false,41,45.t41,
",",",",,42,45.t42,
and,and,,43,45.t43,
polish,polish,,44,45.t44,
our,our,,45,45.t45,
theological,theological,,46,45.t46,
self,self,,47,45.t47,
to,to,,48,45.t48,
beauty,beauty,,49,45.t49,
like,like,,50,45.t50,
a,a,,51,45.t51,
statue,statue,false,52,45.t52,
.,.,,53,45.t53,
The,The,,1,46.t1,
first,first,,2,46.t2,
point,point,,3,46.t3,
to,to,,4,46.t4,
be,be,,5,46.t5,
considered,considered,,6,46.t6,
is,is,,7,46.t7,
—,—,,8,46.t8,
What,What,,1,47.t1,
is,is,,2,47.t2,
this,this,,3,47.t3,
great,great,,4,47.t4,
rivalry,rivalry,,5,47.t5,
of,of,,6,47.t6,
speech,speech,,7,47.t7,
and,and,,8,47.t8,
endless,endless,,9,47.t9,
talking,talking,false,10,47.t10,
?,?,,11,47.t11,
What,What,,1,48.t1,
is,is,,2,48.t2,
this,this,,3,48.t3,
new,new,,4,48.t4,
disease,disease,,5,48.t5,
of,of,,6,48.t6,
insatiability,insatiability,false,7,48.t7,
?,?,,8,48.t8,
Why,Why,,1,49.t1,
have,have,,2,49.t2,
we,we,,3,49.t3,
tied,tied,,4,49.t4,
our,our,,5,49.t5,
hands,hands,,6,49.t6,
and,and,,7,49.t7,
armed,armed,,8,49.t8,
our,our,,9,49.t9,
tongues,tongues,false,10,49.t10,
?,?,,11,49.t11,
We,We,,1,50.t1,
do,do,,2,50.t2,
not,not,,3,50.t3,
praise,praise,,4,50.t4,
either,either,,5,50.t5,
hospitality,hospitality,false,6,50.t6,
",",",",,7,50.t7,
or,or,,8,50.t8,
brotherly,brotherly,,9,50.t9,
love,love,false,10,50.t10,
",",",",,11,50.t11,
or,or,,12,50.t12,
conjugal,conjugal,,13,50.t13,
affection,affection,false,14,50.t14,
",",",",,15,50.t15,
or,or,,16,50.t16,
virginity,virginity,false,17,50.t17,
;,;,,18,50.t18,
nor,nor,,19,50.t19,
do,do,,20,50.t20,
we,we,,21,50.t21,
admire,admire,,22,50.t22,
liberality,liberality,,23,50.t23,
to,to,,24,50.t24,
the,the,,25,50.t25,
poor,poor,false,26,50.t26,
",",",",,27,50.t27,
or,or,,28,50.t28,
the,the,,29,50.t29,
chanting,chanting,,30,50.t30,
of,of,,31,50.t31,
Psalms,Psalms,false,32,50.t32,
",",",",,33,50.t33,
or,or,,34,50.t34,
nightlong,nightlong,,35,50.t35,
vigils,vigils,false,36,50.t36,
",",",",,37,50.t37,
or,or,,38,50.t38,
tears,tears,false,39,50.t39,
.,.,,40,50.t40,
We,We,,1,51.t1,
do,do,,2,51.t2,
not,not,,3,51.t3,
keep,keep,,4,51.t4,
under,under,,5,51.t5,
the,the,,6,51.t6,
body,body,,7,51.t7,
by,by,,8,51.t8,
fasting,fasting,false,9,51.t9,
",",",",,10,51.t10,
or,or,,11,51.t11,
go,go,,12,51.t12,
forth,forth,,13,51.t13,
to,to,,14,51.t14,
God,God,,15,51.t15,
by,by,,16,51.t16,
prayer,prayer,false,17,51.t17,
;,;,,18,51.t18,
nor,nor,,19,51.t19,
do,do,,20,51.t20,
we,we,,21,51.t21,
subject,subject,,22,51.t22,
the,the,,23,51.t23,
worse,worse,,24,51.t24,
to,to,,25,51.t25,
the,the,,26,51.t26,
better,better,,27,51.t27,
—,—,,28,51.t28,
I,I,,29,51.t29,
mean,mean,,30,51.t30,
the,the,,31,51.t31,
dust,dust,,32,51.t32,
to,to,,33,51.t33,
the,the,,34,51.t34,
spirit,spirit,,35,51.t35,
—,—,,36,51.t36,
as,as,,37,51.t37,
they,they,,38,51.t38,
would,would,,39,51.t39,
do,do,,40,51.t40,
who,who,,41,51.t41,
form,form,,42,51.t42,
a,a,,43,51.t43,
just,just,,44,51.t44,
judgment,judgment,,45,51.t45,
of,of,,46,51.t46,
our,our,,47,51.t47,
composite,composite,,48,51.t48,
nature,nature,false,49,51.t49,
;,;,,50,51.t50,
we,we,,51,51.t51,
do,do,,52,51.t52,
not,not,,53,51.t53,
make,make,,54,51.t54,
our,our,,55,51.t55,
life,life,,56,51.t56,
a,a,,57,51.t57,
preparation,preparation,,58,51.t58,
for,for,,59,51.t59,
death,death,false,60,51.t60,
;,;,,61,51.t61,
nor,nor,,62,51.t62,
do,do,,63,51.t63,
we,we,,64,51.t64,
make,make,,65,51.t65,
ourselves,ourselves,,66,51.t66,
masters,masters,,67,51.t67,
of,of,,68,51.t68,
our,our,,69,51.t69,
passions,passions,false,70,51.t70,
",",",",,71,51.t71,
mindful,mindful,,72,51.t72,
of,of,,73,51.t73,
our,our,,74,51.t74,
heavenly,heavenly,,75,51.t75,
nobility,nobility,false,76,51.t76,
;,;,,77,51.t77,
nor,nor,,78,51.t78,
tame,tame,,79,51.t79,
our,our,,80,51.t80,
anger,anger,,81,51.t81,
when,when,,82,51.t82,
it,it,,83,51.t83,
swells,swells,,84,51.t84,
and,and,,85,51.t85,
rages,rages,false,86,51.t86,
",",",",,87,51.t87,
nor,nor,,88,51.t88,
our,our,,89,51.t89,
pride,pride,,90,51.t90,
that,that,,91,51.t91,
bringeth,bringeth,,92,51.t92,
to,to,,93,51.t93,
a,a,,94,51.t94,
fall,fall,false,95,51.t95,
",",",",,96,51.t96,
nor,nor,,97,51.t97,
unreasonable,unreasonable,,98,51.t98,
grief,grief,false,99,51.t99,
",",",",,100,51.t100,
nor,nor,,101,51.t101,
unchastened,unchastened,,102,51.t102,
pleasure,pleasure,false,103,51.t103,
",",",",,104,51.t104,
nor,nor,,105,51.t105,
meretricious,meretricious,,106,51.t106,
laughter,laughter,false,107,51.t107,
",",",",,108,51.t108,
nor,nor,,109,51.t109,
undisciplined,undisciplined,,110,51.t110,
eyes,eyes,false,111,51.t111,
",",",",,112,51.t112,
nor,nor,,113,51.t113,
insatiable,insatiable,,114,51.t114,
ears,ears,false,115,51.t115,
",",",",,116,51.t116,
nor,nor,,117,51.t117,
excessive,excessive,,118,51.t118,
talk,talk,false,119,51.t119,
",",",",,120,51.t120,
nor,nor,,121,51.t121,
absurd,absurd,,122,51.t122,
thoughts,thoughts,false,123,51.t123,
",",",",,124,51.t124,
nor,nor,,125,51.t125,
aught,aught,,126,51.t126,
of,of,,127,51.t127,
the,the,,128,51.t128,
occasions,occasions,,129,51.t129,
which,which,,130,51.t130,
the,the,,131,51.t131,
Evil,Evil,,132,51.t132,
One,One,,133,51.t133,
gets,gets,,134,51.t134,
against,against,,135,51.t135,
us,us,,136,51.t136,
from,from,,137,51.t137,
sources,sources,,138,51.t138,
within,within,,139,51.t139,
ourselves,ourselves,false,140,51.t140,
;,;,,141,51.t141,
bringing,bringing,,142,51.t142,
upon,upon,,143,51.t143,
us,us,,144,51.t144,
the,the,,145,51.t145,
death,death,,146,51.t146,
that,that,,147,51.t147,
comes,comes,,148,51.t148,
through,through,,149,51.t149,
the,the,,150,51.t150,
windows,windows,false,151,51.t151,
",",",",,152,51.t152,
as,as,,153,51.t153,
Holy,Holy,,154,51.t154,
Scripture,Scripture,,155,51.t155,
saith,saith,false,156,51.t156,
;,;,,157,51.t157,
that,that,,158,51.t158,
is,is,false,159,51.t159,
",",",",,160,51.t160,
through,through,,161,51.t161,
the,the,,162,51.t162,
senses,senses,false,163,51.t163,
.,.,,164,51.t164,
Nay,Nay,,1,52.t1,
we,we,,2,52.t2,
do,do,,3,52.t3,
the,the,,4,52.t4,
very,very,,5,52.t5,
opposite,opposite,false,6,52.t6,
",",",",,7,52.t7,
and,and,,8,52.t8,
have,have,,9,52.t9,
given,given,,10,52.t10,
liberty,liberty,,11,52.t11,
to,to,,12,52.t12,
the,the,,13,52.t13,
passions,passions,,14,52.t14,
of,of,,15,52.t15,
others,others,false,16,52.t16,
",",",",,17,52.t17,
as,as,,18,52.t18,
kings,kings,,19,52.t19,
give,give,,20,52.t20,
releases,releases,,21,52.t21,
from,from,,22,52.t22,
service,service,,23,52.t23,
in,in,,24,52.t24,
honour,honour,,25,52.t25,
of,of,,26,52.t26,
a,a,,27,52.t27,
victory,victory,false,28,52.t28,
",",",",,29,52.t29,
only,only,,30,52.t30,
on,on,,31,52.t31,
condition,condition,,32,52.t32,
that,that,,33,52.t33,
they,they,,34,52.t34,
incline,incline,,35,52.t35,
to,to,,36,52.t36,
our,our,,37,52.t37,
side,side,false,38,52.t38,
",",",",,39,52.t39,
and,and,,40,52.t40,
make,make,,41,52.t41,
their,their,,42,52.t42,
assault,assault,,43,52.t43,
upon,upon,,44,52.t44,
God,God,,45,52.t45,
more,more,,46,52.t46,
boldly,boldly,false,47,52.t47,
",",",",,48,52.t48,
or,or,,49,52.t49,
more,more,,50,52.t50,
impiously,impiously,false,51,52.t51,
.,.,,52,52.t52,
And,And,,1,53.t1,
we,we,,2,53.t2,
give,give,,3,53.t3,
them,them,,4,53.t4,
an,an,,5,53.t5,
evil,evil,,6,53.t6,
reward,reward,,7,53.t7,
for,for,,8,53.t8,
a,a,,9,53.t9,
thing,thing,,10,53.t10,
which,which,,11,53.t11,
is,is,,12,53.t12,
not,not,,13,53.t13,
good,good,false,14,53.t14,
",",",",,15,53.t15,
license,license,,16,53.t16,
of,of,,17,53.t17,
tongue,tongue,,18,53.t18,
for,for,,19,53.t19,
their,their,,20,53.t20,
impiety,impiety,false,21,53.t21,
.,.,,22,53.t22,
And,And,,1,54.t1,
yet,yet,false,2,54.t2,
",",",",,3,54.t3,
O,O,,4,54.t4,
talkative,talkative,,5,54.t5,
Dialectician,Dialectician,false,6,54.t6,
",",",",,7,54.t7,
I,I,,8,54.t8,
will,will,,9,54.t9,
ask,ask,,10,54.t10,
thee,thee,,11,54.t11,
one,one,,12,54.t12,
small,small,,13,54.t13,
question,question,false,14,54.t14,
",",",",,15,54.t15,
and,and,,16,54.t16,
answer,answer,,17,54.t17,
thou,thou,,18,54.t18,
me,me,false,19,54.t19,
",",",",,20,54.t20,
as,as,,21,54.t21,
He,He,,22,54.t22,
saith,saith,,23,54.t23,
to,to,,24,54.t24,
Job,Job,false,25,54.t25,
",",",",,26,54.t26,
Who,Who,,27,54.t27,
through,through,,28,54.t28,
whirlwind,whirlwind,,29,54.t29,
and,and,,30,54.t30,
cloud,cloud,,31,54.t31,
giveth,giveth,,32,54.t32,
Divine,Divine,,33,54.t33,
admonitions,admonitions,false,34,54.t34,
.,.,,35,54.t35,
Are,Are,,1,55.t1,
there,there,,2,55.t2,
many,many,,3,55.t3,
mansions,mansions,,4,55.t4,
in,in,,5,55.t5,
God,God,false,6,55.t6,
’s,’s,,7,55.t7,
House,House,false,8,55.t8,
",",",",,9,55.t9,
as,as,,10,55.t10,
thou,thou,,11,55.t11,
hast,hast,,12,55.t12,
heard,heard,false,13,55.t13,
",",",",,14,55.t14,
or,or,,15,55.t15,
only,only,,16,55.t16,
one,one,false,17,55.t17,
?,?,,18,55.t18,
Of,Of,,1,56.t1,
course,course,,2,56.t2,
you,you,,3,56.t3,
will,will,,4,56.t4,
admit,admit,,5,56.t5,
that,that,,6,56.t6,
there,there,,7,56.t7,
are,are,,8,56.t8,
many,many,false,9,56.t9,
",",",",,10,56.t10,
and,and,,11,56.t11,
not,not,,12,56.t12,
only,only,,13,56.t13,
one,one,false,14,56.t14,
.,.,,15,56.t15,
Now,Now,false,1,57.t1,
",",",",,2,57.t2,
are,are,,3,57.t3,
they,they,,4,57.t4,
all,all,,5,57.t5,
to,to,,6,57.t6,
be,be,,7,57.t7,
filled,filled,false,8,57.t8,
",",",",,9,57.t9,
or,or,,10,57.t10,
only,only,,11,57.t11,
some,some,false,12,57.t12,
",",",",,13,57.t13,
and,and,,14,57.t14,
others,others,,15,57.t15,
not,not,false,16,57.t16,
;,;,,17,57.t17,
so,so,,18,57.t18,
that,that,,19,57.t19,
some,some,,20,57.t20,
will,will,,21,57.t21,
be,be,,22,57.t22,
left,left,,23,57.t23,
empty,empty,false,24,57.t24,
",",",",,25,57.t25,
and,and,,26,57.t26,
will,will,,27,57.t27,
have,have,,28,57.t28,
been,been,,29,57.t29,
prepared,prepared,,30,57.t30,
to,to,,31,57.t31,
no,no,,32,57.t32,
purpose,purpose,false,33,57.t33,
?,?,,34,57.t34,
Of,Of,,1,58.t1,
course,course,,2,58.t2,
all,all,,3,58.t3,
will,will,,4,58.t4,
be,be,,5,58.t5,
filled,filled,false,6,58.t6,
",",",",,7,58.t7,
for,for,,8,58.t8,
nothing,nothing,,9,58.t9,
can,can,,10,58.t10,
be,be,,11,58.t11,
in,in,,12,58.t12,
vain,vain,,13,58.t13,
which,which,,14,58.t14,
has,has,,15,58.t15,
been,been,,16,58.t16,
done,done,,17,58.t17,
by,by,,18,58.t18,
God,God,false,19,58.t19,
.,.,,20,58.t20,
And,And,,1,59.t1,
can,can,,2,59.t2,
you,you,,3,59.t3,
tell,tell,,4,59.t4,
me,me,,5,59.t5,
what,what,,6,59.t6,
you,you,,7,59.t7,
will,will,,8,59.t8,
consider,consider,,9,59.t9,
this,this,,10,59.t10,
Mansion,Mansion,,11,59.t11,
to,to,,12,59.t12,
be,be,false,13,59.t13,
?,?,,14,59.t14,
Is,Is,,1,60.t1,
it,it,,2,60.t2,
the,the,,3,60.t3,
rest,rest,,4,60.t4,
and,and,,5,60.t5,
glory,glory,,6,60.t6,
which,which,,7,60.t7,
is,is,,8,60.t8,
in,in,,9,60.t9,
store,store,,10,60.t10,
There,There,,11,60.t11,
for,for,,12,60.t12,
the,the,,13,60.t13,
Blessed,Blessed,false,14,60.t14,
",",",",,15,60.t15,
or,or,,16,60.t16,
something,something,,17,60.t17,
else,else,false,18,60.t18,
?,?,,19,60.t19,
—,—,,20,60.t20,
No,No,false,1,61.t1,
",",",",,2,61.t2,
not,not,,3,61.t3,
anything,anything,,4,61.t4,
else,else,false,5,61.t5,
.,.,,6,61.t6,
Since,Since,,1,62.t1,
then,then,,2,62.t2,
we,we,,3,62.t3,
are,are,,4,62.t4,
agreed,agreed,,5,62.t5,
upon,upon,,6,62.t6,
this,this,,7,62.t7,
point,point,false,8,62.t8,
",",",",,9,62.t9,
let,let,,10,62.t10,
us,us,,11,62.t11,
further,further,,12,62.t12,
examine,examine,,13,62.t13,
another,another,,14,62.t14,
also,also,false,15,62.t15,
.,.,,16,62.t16,
Is,Is,,1,63.t1,
there,there,,2,63.t2,
any,any,,3,63.t3,
thing,thing,,4,63.t4,
that,that,,5,63.t5,
procures,procures,,6,63.t6,
these,these,,7,63.t7,
Mansions,Mansions,false,8,63.t8,
",",",",,9,63.t9,
as,as,,10,63.t10,
I,I,,11,63.t11,
think,think,,12,63.t12,
there,there,,13,63.t13,
is,is,false,14,63.t14,
;,;,,15,63.t15,
or,or,,16,63.t16,
is,is,,17,63.t17,
there,there,,18,63.t18,
nothing,nothing,false,19,63.t19,
?,?,,20,63.t20,
—,—,,21,63.t21,
Certainly,Certainly,,1,64.t1,
there,there,,2,64.t2,
is,is,false,3,64.t3,
.,.,,4,64.t4,
—,—,,5,64.t5,
What,What,,1,65.t1,
is,is,,2,65.t2,
it,it,false,3,65.t3,
?,?,,4,65.t4,
Is,Is,,1,66.t1,
it,it,,2,66.t2,
not,not,,3,66.t3,
that,that,,4,66.t4,
there,there,,5,66.t5,
are,are,,6,66.t6,
various,various,,7,66.t7,
modes,modes,,8,66.t8,
of,of,,9,66.t9,
conduct,conduct,false,10,66.t10,
",",",",,11,66.t11,
and,and,,12,66.t12,
various,various,,13,66.t13,
purposes,purposes,false,14,66.t14,
",",",",,15,66.t15,
one,one,,16,66.t16,
leading,leading,,17,66.t17,
one,one,,18,66.t18,
way,way,false,19,66.t19,
",",",",,20,66.t20,
another,another,,21,66.t21,
another,another,,22,66.t22,
way,way,false,23,66.t23,
",",",",,24,66.t24,
according,according,,25,66.t25,
to,to,,26,66.t26,
the,the,,27,66.t27,
proportion,proportion,,28,66.t28,
of,of,,29,66.t29,
faith,faith,false,30,66.t30,
",",",",,31,66.t31,
and,and,,32,66.t32,
these,these,,33,66.t33,
we,we,,34,66.t34,
call,call,,35,66.t35,
Ways,Ways,false,36,66.t36,
?,?,,37,66.t37,
Must,Must,,1,67.t1,
we,we,false,2,67.t2,
",",",",,3,67.t3,
then,then,false,4,67.t4,
",",",",,5,67.t5,
travel,travel,,6,67.t6,
all,all,false,7,67.t7,
",",",",,8,67.t8,
or,or,,9,67.t9,
some,some,,10,67.t10,
of,of,,11,67.t11,
these,these,,12,67.t12,
Ways,Ways,false,13,67.t13,
",",",",,14,67.t14,
the,the,,15,67.t15,
same,same,,16,67.t16,
individual,individual,,17,67.t17,
along,along,,18,67.t18,
them,them,,19,67.t19,
all,all,false,20,67.t20,
",",",",,21,67.t21,
if,if,,22,67.t22,
that,that,,23,67.t23,
be,be,,24,67.t24,
possible,possible,false,25,67.t25,
;,;,,26,67.t26,
or,or,false,27,67.t27,
",",",",,28,67.t28,
if,if,,29,67.t29,
not,not,false,30,67.t30,
",",",",,31,67.t31,
along,along,,32,67.t32,
as,as,,33,67.t33,
many,many,,34,67.t34,
as,as,,35,67.t35,
may,may,,36,67.t36,
be,be,false,37,67.t37,
;,;,,38,67.t38,
or,or,,39,67.t39,
else,else,,40,67.t40,
along,along,,41,67.t41,
some,some,,42,67.t42,
of,of,,43,67.t43,
them,them,false,44,67.t44,
?,?,,45,67.t45,
And,And,,1,68.t1,
even,even,,2,68.t2,
if,if,,3,68.t3,
this,this,,4,68.t4,
may,may,,5,68.t5,
not,not,,6,68.t6,
be,be,false,7,68.t7,
",",",",,8,68.t8,
it,it,,9,68.t9,
would,would,,10,68.t10,
still,still,,11,68.t11,
be,be,,12,68.t12,
a,a,,13,68.t13,
great,great,,14,68.t14,
thing,thing,false,15,68.t15,
",",",",,16,68.t16,
at,at,,17,68.t17,
least,least,,18,68.t18,
as,as,,19,68.t19,
it,it,,20,68.t20,
appears,appears,,21,68.t21,
to,to,,22,68.t22,
me,me,false,23,68.t23,
",",",",,24,68.t24,
to,to,,25,68.t25,
travel,travel,,26,68.t26,
excellently,excellently,,27,68.t27,
along,along,,28,68.t28,
even,even,,29,68.t29,
one,one,false,30,68.t30,
.,.,,31,68.t31,
—,—,,32,68.t32,
“,“,false,1,69.t1,
You,You,,2,69.t2,
are,are,,3,69.t3,
right,right,,4,69.t4,
in,in,,5,69.t5,
your,your,,6,69.t6,
conception,conception,false,7,69.t7,
.,.,false,8,69.t8,
”,”,,9,69.t9,
—,—,,10,69.t10,
What,What,,1,70.t1,
then,then,,2,70.t2,
when,when,,3,70.t3,
you,you,,4,70.t4,
hear,hear,,5,70.t5,
there,there,,6,70.t6,
is,is,,7,70.t7,
but,but,,8,70.t8,
One,One,,9,70.t9,
way,way,false,10,70.t10,
",",",",,11,70.t11,
and,and,,12,70.t12,
that,that,,13,70.t13,
a,a,,14,70.t14,
narrow,narrow,,15,70.t15,
one,one,false,16,70.t16,
",",",",,17,70.t17,
does,does,,18,70.t18,
the,the,,19,70.t19,
word,word,,20,70.t20,
seem,seem,,21,70.t21,
to,to,,22,70.t22,
you,you,,23,70.t23,
to,to,,24,70.t24,
shew,shew,false,25,70.t25,
?,?,,26,70.t26,
That,That,,1,71.t1,
there,there,,2,71.t2,
is,is,,3,71.t3,
but,but,,4,71.t4,
one,one,,5,71.t5,
on,on,,6,71.t6,
account,account,,7,71.t7,
of,of,,8,71.t8,
its,its,,9,71.t9,
excellence,excellence,false,10,71.t10,
.,.,,11,71.t11,
For,For,,1,72.t1,
it,it,,2,72.t2,
is,is,,3,72.t3,
but,but,,4,72.t4,
one,one,false,5,72.t5,
",",",",,6,72.t6,
even,even,,7,72.t7,
though,though,,8,72.t8,
it,it,,9,72.t9,
be,be,,10,72.t10,
split,split,,11,72.t11,
into,into,,12,72.t12,
many,many,,13,72.t13,
parts,parts,false,14,72.t14,
.,.,,15,72.t15,
And,And,,1,73.t1,
narrow,narrow,,2,73.t2,
because,because,,3,73.t3,
of,of,,4,73.t4,
its,its,,5,73.t5,
difficulties,difficulties,false,6,73.t6,
",",",",,7,73.t7,
and,and,,8,73.t8,
because,because,,9,73.t9,
it,it,,10,73.t10,
is,is,,11,73.t11,
trodden,trodden,,12,73.t12,
by,by,,13,73.t13,
few,few,,14,73.t14,
in,in,,15,73.t15,
comparison,comparison,,16,73.t16,
with,with,,17,73.t17,
the,the,,18,73.t18,
multitude,multitude,,19,73.t19,
of,of,,20,73.t20,
the,the,,21,73.t21,
adversaries,adversaries,false,22,73.t22,
",",",",,23,73.t23,
and,and,,24,73.t24,
of,of,,25,73.t25,
those,those,,26,73.t26,
who,who,,27,73.t27,
travel,travel,,28,73.t28,
along,along,,29,73.t29,
the,the,,30,73.t30,
road,road,,31,73.t31,
of,of,,32,73.t32,
wickedness,wickedness,false,33,73.t33,
.,.,,34,73.t34,
“,“,false,1,74.t1,
So,So,,2,74.t2,
I,I,,3,74.t3,
think,think,,4,74.t4,
too,too,false,5,74.t5,
.,.,false,6,74.t6,
”,”,,7,74.t7,
Well,Well,false,1,75.t1,
",",",",,2,75.t2,
then,then,false,3,75.t3,
",",",",,4,75.t4,
my,my,,5,75.t5,
good,good,,6,75.t6,
friend,friend,false,7,75.t7,
",",",",,8,75.t8,
since,since,,9,75.t9,
this,this,,10,75.t10,
is,is,,11,75.t11,
so,so,false,12,75.t12,
",",",",,13,75.t13,
why,why,,14,75.t14,
do,do,,15,75.t15,
you,you,false,16,75.t16,
",",",",,17,75.t17,
as,as,,18,75.t18,
though,though,,19,75.t19,
condemning,condemning,,20,75.t20,
our,our,,21,75.t21,
doctrine,doctrine,,22,75.t22,
for,for,,23,75.t23,
a,a,,24,75.t24,
certain,certain,,25,75.t25,
poverty,poverty,false,26,75.t26,
",",",",,27,75.t27,
rush,rush,,28,75.t28,
headlong,headlong,,29,75.t29,
down,down,,30,75.t30,
that,that,,31,75.t31,
one,one,,32,75.t32,
which,which,,33,75.t33,
leads,leads,,34,75.t34,
through,through,,35,75.t35,
what,what,,36,75.t36,
you,you,,37,75.t37,
call,call,,38,75.t38,
arguments,arguments,,39,75.t39,
and,and,,40,75.t40,
speculations,speculations,false,41,75.t41,
",",",",,42,75.t42,
but,but,,43,75.t43,
I,I,,44,75.t44,
frivolities,frivolities,,45,75.t45,
and,and,,46,75.t46,
quackeries,quackeries,false,47,75.t47,
?,?,,48,75.t48,
Let,Let,,1,76.t1,
Paul,Paul,,2,76.t2,
reprove,reprove,,3,76.t3,
you,you,,4,76.t4,
with,with,,5,76.t5,
those,those,,6,76.t6,
bitter,bitter,,7,76.t7,
reproaches,reproaches,false,8,76.t8,
",",",",,9,76.t9,
in,in,,10,76.t10,
which,which,false,11,76.t11,
",",",",,12,76.t12,
after,after,,13,76.t13,
his,his,,14,76.t14,
list,list,,15,76.t15,
of,of,,16,76.t16,
the,the,,17,76.t17,
Gifts,Gifts,,18,76.t18,
of,of,,19,76.t19,
Grace,Grace,false,20,76.t20,
",",",",,21,76.t21,
he,he,,22,76.t22,
says,says,false,23,76.t23,
",",",",,24,76.t24,
Are,Are,,25,76.t25,
all,all,,26,76.t26,
Apostles,Apostles,false,27,76.t27,
?,?,,28,76.t28,
Are,Are,,1,77.t1,
all,all,,2,77.t2,
Prophets,Prophets,false,3,77.t3,
?,?,,4,77.t4,
etc,etc,false,5,77.t5,
.,.,,6,77.t6,
But,But,false,1,78.t1,
",",",",,2,78.t2,
be,be,,3,78.t3,
it,it,,4,78.t4,
so,so,false,5,78.t5,
.,.,,6,78.t6,
Lofty,Lofty,,1,79.t1,
thou,thou,,2,79.t2,
art,art,false,3,79.t3,
",",",",,4,79.t4,
even,even,,5,79.t5,
beyond,beyond,,6,79.t6,
the,the,,7,79.t7,
lofty,lofty,false,8,79.t8,
",",",",,9,79.t9,
even,even,,10,79.t10,
above,above,,11,79.t11,
the,the,,12,79.t12,
clouds,clouds,false,13,79.t13,
",",",",,14,79.t14,
if,if,,15,79.t15,
thou,thou,,16,79.t16,
wilt,wilt,false,17,79.t17,
",",",",,18,79.t18,
a,a,,19,79.t19,
spectator,spectator,,20,79.t20,
of,of,,21,79.t21,
things,things,,22,79.t22,
invisible,invisible,false,23,79.t23,
",",",",,24,79.t24,
a,a,,25,79.t25,
hearer,hearer,,26,79.t26,
of,of,,27,79.t27,
things,things,,28,79.t28,
unspeakable,unspeakable,false,29,79.t29,
;,;,,30,79.t30,
one,one,,31,79.t31,
who,who,,32,79.t32,
hast,hast,,33,79.t33,
ascended,ascended,,34,79.t34,
after,after,,35,79.t35,
Elias,Elias,false,36,79.t36,
",",",",,37,79.t37,
and,and,,38,79.t38,
who,who,,39,79.t39,
after,after,,40,79.t40,
Moses,Moses,,41,79.t41,
hast,hast,,42,79.t42,
been,been,,43,79.t43,
deemed,deemed,,44,79.t44,
worthy,worthy,,45,79.t45,
of,of,,46,79.t46,
the,the,,47,79.t47,
Vision,Vision,,48,79.t48,
of,of,,49,79.t49,
God,God,false,50,79.t50,
",",",",,51,79.t51,
and,and,,52,79.t52,
after,after,,53,79.t53,
Paul,Paul,,54,79.t54,
hast,hast,,55,79.t55,
been,been,,56,79.t56,
taken,taken,,57,79.t57,
up,up,,58,79.t58,
into,into,,59,79.t59,
heaven,heaven,false,60,79.t60,
;,;,,61,79.t61,
why,why,,62,79.t62,
dost,dost,,63,79.t63,
thou,thou,,64,79.t64,
mould,mould,,65,79.t65,
the,the,,66,79.t66,
rest,rest,,67,79.t67,
of,of,,68,79.t68,
thy,thy,,69,79.t69,
fellows,fellows,,70,79.t70,
in,in,,71,79.t71,
one,one,,72,79.t72,
day,day,,73,79.t73,
into,into,,74,79.t74,
Saints,Saints,false,75,79.t75,
",",",",,76,79.t76,
and,and,,77,79.t77,
ordain,ordain,,78,79.t78,
them,them,,79,79.t79,
Theologians,Theologians,false,80,79.t80,
",",",",,81,79.t81,
and,and,,82,79.t82,
as,as,,83,79.t83,
it,it,,84,79.t84,
were,were,,85,79.t85,
breathe,breathe,,86,79.t86,
into,into,,87,79.t87,
them,them,,88,79.t88,
instruction,instruction,false,89,79.t89,
",",",",,90,79.t90,
and,and,,91,79.t91,
make,make,,92,79.t92,
them,them,,93,79.t93,
many,many,,94,79.t94,
councils,councils,,95,79.t95,
of,of,,96,79.t96,
ignorant,ignorant,,97,79.t97,
oracles,oracles,false,98,79.t98,
?,?,,99,79.t99,
Why,Why,,1,80.t1,
dost,dost,,2,80.t2,
thou,thou,,3,80.t3,
entangle,entangle,,4,80.t4,
those,those,,5,80.t5,
who,who,,6,80.t6,
are,are,,7,80.t7,
weaker,weaker,,8,80.t8,
in,in,,9,80.t9,
thy,thy,,10,80.t10,
spider,spider,false,11,80.t11,
’s,’s,,12,80.t12,
web,web,false,13,80.t13,
",",",",,14,80.t14,
if,if,,15,80.t15,
it,it,,16,80.t16,
were,were,,17,80.t17,
something,something,,18,80.t18,
great,great,,19,80.t19,
and,and,,20,80.t20,
wise,wise,false,21,80.t21,
?,?,,22,80.t22,
Why,Why,,1,81.t1,
dost,dost,,2,81.t2,
thou,thou,,3,81.t3,
stir,stir,,4,81.t4,
up,up,,5,81.t5,
wasps,wasps,false,6,81.t6,
’,’,,7,81.t7,
nests,nests,,8,81.t8,
against,against,,9,81.t9,
the,the,,10,81.t10,
Faith,Faith,false,11,81.t11,
?,?,,12,81.t12,
Why,Why,,1,82.t1,
dost,dost,,2,82.t2,
thou,thou,,3,82.t3,
suddenly,suddenly,,4,82.t4,
spring,spring,,5,82.t5,
a,a,,6,82.t6,
flood,flood,,7,82.t7,
of,of,,8,82.t8,
dialectics,dialectics,,9,82.t9,
upon,upon,,10,82.t10,
us,us,false,11,82.t11,
",",",",,12,82.t12,
as,as,,13,82.t13,
the,the,,14,82.t14,
fables,fables,,15,82.t15,
of,of,,16,82.t16,
old,old,,17,82.t17,
did,did,,18,82.t18,
the,the,,19,82.t19,
Giants,Giants,false,20,82.t20,
?,?,,21,82.t21,
Why,Why,,1,83.t1,
hast,hast,,2,83.t2,
thou,thou,,3,83.t3,
collected,collected,,4,83.t4,
all,all,,5,83.t5,
that,that,,6,83.t6,
is,is,,7,83.t7,
frivolous,frivolous,,8,83.t8,
and,and,,9,83.t9,
unmanly,unmanly,,10,83.t10,
among,among,,11,83.t11,
men,men,false,12,83.t12,
",",",",,13,83.t13,
like,like,,14,83.t14,
a,a,,15,83.t15,
rabble,rabble,false,16,83.t16,
",",",",,17,83.t17,
into,into,,18,83.t18,
one,one,,19,83.t19,
torrent,torrent,false,20,83.t20,
",",",",,21,83.t21,
and,and,,22,83.t22,
having,having,,23,83.t23,
made,made,,24,83.t24,
them,them,,25,83.t25,
more,more,,26,83.t26,
effeminate,effeminate,,27,83.t27,
by,by,,28,83.t28,
flattery,flattery,false,29,83.t29,
",",",",,30,83.t30,
fashioned,fashioned,,31,83.t31,
a,a,,32,83.t32,
new,new,,33,83.t33,
workshop,workshop,false,34,83.t34,
",",",",,35,83.t35,
cleverly,cleverly,,36,83.t36,
making,making,,37,83.t37,
a,a,,38,83.t38,
harvest,harvest,,39,83.t39,
for,for,,40,83.t40,
thyself,thyself,,41,83.t41,
out,out,,42,83.t42,
of,of,,43,83.t43,
their,their,,44,83.t44,
want,want,,45,83.t45,
of,of,,46,83.t46,
understanding,understanding,false,47,83.t47,
?,?,,48,83.t48,
Dost,Dost,,1,84.t1,
thou,thou,,2,84.t2,
deny,deny,,3,84.t3,
that,that,,4,84.t4,
this,this,,5,84.t5,
is,is,,6,84.t6,
so,so,false,7,84.t7,
",",",",,8,84.t8,
and,and,,9,84.t9,
are,are,,10,84.t10,
the,the,,11,84.t11,
other,other,,12,84.t12,
matters,matters,,13,84.t13,
of,of,,14,84.t14,
no,no,,15,84.t15,
account,account,,16,84.t16,
to,to,,17,84.t17,
thee,thee,false,18,84.t18,
?,?,,19,84.t19,
Must,Must,,1,85.t1,
thy,thy,,2,85.t2,
tongue,tongue,,3,85.t3,
rule,rule,,4,85.t4,
at,at,,5,85.t5,
any,any,,6,85.t6,
cost,cost,false,7,85.t7,
",",",",,8,85.t8,
and,and,,9,85.t9,
canst,canst,,10,85.t10,
thou,thou,,11,85.t11,
not,not,,12,85.t12,
restrain,restrain,,13,85.t13,
the,the,,14,85.t14,
birthpang,birthpang,,15,85.t15,
of,of,,16,85.t16,
thy,thy,,17,85.t17,
speech,speech,false,18,85.t18,
?,?,,19,85.t19,
Thou,Thou,,1,86.t1,
mayest,mayest,,2,86.t2,
find,find,,3,86.t3,
many,many,,4,86.t4,
other,other,,5,86.t5,
honourable,honourable,,6,86.t6,
subjects,subjects,,7,86.t7,
for,for,,8,86.t8,
discussion,discussion,false,9,86.t9,
.,.,,10,86.t10,
To,To,,1,87.t1,
these,these,,2,87.t2,
turn,turn,,3,87.t3,
this,this,,4,87.t4,
disease,disease,,5,87.t5,
of,of,,6,87.t6,
thine,thine,,7,87.t7,
with,with,,8,87.t8,
some,some,,9,87.t9,
advantage,advantage,false,10,87.t10,
.,.,,11,87.t11,
Attack,Attack,,1,88.t1,
the,the,,2,88.t2,
silence,silence,,3,88.t3,
of,of,,4,88.t4,
Pythagoras,Pythagoras,false,5,88.t5,
",",",",,6,88.t6,
and,and,,7,88.t7,
the,the,,8,88.t8,
Orphic,Orphic,,9,88.t9,
beans,beans,false,10,88.t10,
",",",",,11,88.t11,
and,and,,12,88.t12,
the,the,,13,88.t13,
novel,novel,,14,88.t14,
brag,brag,,15,88.t15,
about,about,,16,88.t16,
“,“,false,17,88.t17,
The,The,,18,88.t18,
Master,Master,,19,88.t19,
said,said,false,20,88.t20,
.,.,false,21,88.t21,
”,”,,22,88.t22,
Attack,Attack,,1,89.t1,
the,the,,2,89.t2,
ideas,ideas,,3,89.t3,
of,of,,4,89.t4,
Plato,Plato,false,5,89.t5,
",",",",,6,89.t6,
and,and,,7,89.t7,
the,the,,8,89.t8,
transmigrations,transmigrations,,9,89.t9,
and,and,,10,89.t10,
courses,courses,,11,89.t11,
of,of,,12,89.t12,
our,our,,13,89.t13,
souls,souls,false,14,89.t14,
",",",",,15,89.t15,
and,and,,16,89.t16,
the,the,,17,89.t17,
reminiscences,reminiscences,false,18,89.t18,
",",",",,19,89.t19,
and,and,,20,89.t20,
the,the,,21,89.t21,
unlovely,unlovely,,22,89.t22,
loves,loves,,23,89.t23,
of,of,,24,89.t24,
the,the,,25,89.t25,
soul,soul,,26,89.t26,
for,for,,27,89.t27,
lovely,lovely,,28,89.t28,
bodies,bodies,false,29,89.t29,
.,.,,30,89.t30,
Attack,Attack,,1,90.t1,
the,the,,2,90.t2,
atheism,atheism,,3,90.t3,
of,of,,4,90.t4,
Epicurus,Epicurus,false,5,90.t5,
",",",",,6,90.t6,
and,and,,7,90.t7,
his,his,,8,90.t8,
atoms,atoms,false,9,90.t9,
",",",",,10,90.t10,
and,and,,11,90.t11,
his,his,,12,90.t12,
unphilosophic,unphilosophic,,13,90.t13,
pleasure,pleasure,false,14,90.t14,
;,;,,15,90.t15,
or,or,,16,90.t16,
Aristotle,Aristotle,false,17,90.t17,
’s,’s,,18,90.t18,
petty,petty,,19,90.t19,
Providence,Providence,false,20,90.t20,
",",",",,21,90.t21,
and,and,,22,90.t22,
his,his,,23,90.t23,
artificial,artificial,,24,90.t24,
system,system,false,25,90.t25,
",",",",,26,90.t26,
and,and,,27,90.t27,
his,his,,28,90.t28,
discourses,discourses,,29,90.t29,
about,about,,30,90.t30,
the,the,,31,90.t31,
mortality,mortality,,32,90.t32,
of,of,,33,90.t33,
the,the,,34,90.t34,
soul,soul,false,35,90.t35,
",",",",,36,90.t36,
and,and,,37,90.t37,
the,the,,38,90.t38,
humanitarianism,humanitarianism,,39,90.t39,
of,of,,40,90.t40,
his,his,,41,90.t41,
doctrine,doctrine,false,42,90.t42,
.,.,,43,90.t43,
Attack,Attack,,1,91.t1,
the,the,,2,91.t2,
superciliousness,superciliousness,,3,91.t3,
of,of,,4,91.t4,
the,the,,5,91.t5,
Stoa,Stoa,false,6,91.t6,
",",",",,7,91.t7,
or,or,,8,91.t8,
the,the,,9,91.t9,
greed,greed,,10,91.t10,
and,and,,11,91.t11,
vulgarity,vulgarity,,12,91.t12,
of,of,,13,91.t13,
the,the,,14,91.t14,
Cynic,Cynic,false,15,91.t15,
.,.,,16,91.t16,
Attack,Attack,,1,92.t1,
the,the,,2,92.t2,
“,“,false,3,92.t3,
Void,Void,,4,92.t4,
and,and,,5,92.t5,
Full,Full,false,6,92.t6,
”,”,,7,92.t7,
(,(,false,8,92.t8,
what,what,,9,92.t9,
nonsense,nonsense,false,10,92.t10,
),),false,11,92.t11,
",",",",,12,92.t12,
and,and,,13,92.t13,
all,all,,14,92.t14,
the,the,,15,92.t15,
details,details,,16,92.t16,
about,about,,17,92.t17,
the,the,,18,92.t18,
gods,gods,,19,92.t19,
and,and,,20,92.t20,
the,the,,21,92.t21,
sacrifices,sacrifices,,22,92.t22,
and,and,,23,92.t23,
the,the,,24,92.t24,
idols,idols,,25,92.t25,
and,and,,26,92.t26,
demons,demons,false,27,92.t27,
",",",",,28,92.t28,
whether,whether,,29,92.t29,
beneficent,beneficent,,30,92.t30,
or,or,,31,92.t31,
malignant,malignant,false,32,92.t32,
",",",",,33,92.t33,
and,and,,34,92.t34,
all,all,,35,92.t35,
the,the,,36,92.t36,
tricks,tricks,,37,92.t37,
that,that,,38,92.t38,
people,people,,39,92.t39,
play,play,,40,92.t40,
with,with,,41,92.t41,
divination,divination,false,42,92.t42,
",",",",,43,92.t43,
evoking,evoking,,44,92.t44,
of,of,,45,92.t45,
gods,gods,false,46,92.t46,
",",",",,47,92.t47,
or,or,,48,92.t48,
of,of,,49,92.t49,
souls,souls,false,50,92.t50,
",",",",,51,92.t51,
and,and,,52,92.t52,
the,the,,53,92.t53,
power,power,,54,92.t54,
of,of,,55,92.t55,
the,the,,56,92.t56,
stars,stars,false,57,92.t57,
.,.,,58,92.t58,
And,And,,1,93.t1,
if,if,,2,93.t2,
these,these,,3,93.t3,
things,things,,4,93.t4,
seem,seem,,5,93.t5,
to,to,,6,93.t6,
thee,thee,,7,93.t7,
unworthy,unworthy,,8,93.t8,
of,of,,9,93.t9,
discussion,discussion,,10,93.t10,
as,as,,11,93.t11,
petty,petty,,12,93.t12,
and,and,,13,93.t13,
already,already,,14,93.t14,
often,often,,15,93.t15,
confuted,confuted,false,16,93.t16,
",",",",,17,93.t17,
and,and,,18,93.t18,
thou,thou,,19,93.t19,
wilt,wilt,,20,93.t20,
keep,keep,,21,93.t21,
to,to,,22,93.t22,
thy,thy,,23,93.t23,
line,line,false,24,93.t24,
",",",",,25,93.t25,
and,and,,26,93.t26,
seek,seek,,27,93.t27,
the,the,,28,93.t28,
satisfaction,satisfaction,,29,93.t29,
of,of,,30,93.t30,
thy,thy,,31,93.t31,
ambition,ambition,,32,93.t32,
in,in,,33,93.t33,
it,it,false,34,93.t34,
;,;,,35,93.t35,
then,then,,36,93.t36,
here,here,,37,93.t37,
too,too,,38,93.t38,
I,I,,39,93.t39,
will,will,,40,93.t40,
provide,provide,,41,93.t41,
thee,thee,,42,93.t42,
with,with,,43,93.t43,
broad,broad,,44,93.t44,
paths,paths,false,45,93.t45,
.,.,,46,93.t46,
Philosophize,Philosophize,,1,94.t1,
about,about,,2,94.t2,
the,the,,3,94.t3,
world,world,,4,94.t4,
or,or,,5,94.t5,
worlds,worlds,false,6,94.t6,
;,;,,7,94.t7,
about,about,,8,94.t8,
matter,matter,false,9,94.t9,
;,;,,10,94.t10,
about,about,,11,94.t11,
soul,soul,false,12,94.t12,
;,;,,13,94.t13,
about,about,,14,94.t14,
natures,natures,,15,94.t15,
endowed,endowed,,16,94.t16,
with,with,,17,94.t17,
reason,reason,false,18,94.t18,
",",",",,19,94.t19,
good,good,,20,94.t20,
or,or,,21,94.t21,
bad,bad,false,22,94.t22,
;,;,,23,94.t23,
about,about,,24,94.t24,
resurrection,resurrection,false,25,94.t25,
",",",",,26,94.t26,
about,about,,27,94.t27,
judgment,judgment,false,28,94.t28,
",",",",,29,94.t29,
about,about,,30,94.t30,
reward,reward,false,31,94.t31,
",",",",,32,94.t32,
or,or,,33,94.t33,
the,the,,34,94.t34,
Sufferings,Sufferings,,35,94.t35,
of,of,,36,94.t36,
Christ,Christ,false,37,94.t37,
.,.,,38,94.t38,
For,For,,1,95.t1,
in,in,,2,95.t2,
these,these,,3,95.t3,
subjects,subjects,,4,95.t4,
to,to,,5,95.t5,
hit,hit,,6,95.t6,
the,the,,7,95.t7,
mark,mark,,8,95.t8,
is,is,,9,95.t9,
not,not,,10,95.t10,
useless,useless,false,11,95.t11,
",",",",,12,95.t12,
and,and,,13,95.t13,
to,to,,14,95.t14,
miss,miss,,15,95.t15,
it,it,,16,95.t16,
is,is,,17,95.t17,
not,not,,18,95.t18,
dangerous,dangerous,false,19,95.t19,
.,.,,20,95.t20,
But,But,,1,96.t1,
with,with,,2,96.t2,
God,God,,3,96.t3,
we,we,,4,96.t4,
shall,shall,,5,96.t5,
have,have,,6,96.t6,
converse,converse,false,7,96.t7,
",",",",,8,96.t8,
in,in,,9,96.t9,
this,this,,10,96.t10,
life,life,,11,96.t11,
only,only,,12,96.t12,
in,in,,13,96.t13,
a,a,,14,96.t14,
small,small,,15,96.t15,
degree,degree,false,16,96.t16,
;,;,,17,96.t17,
but,but,,18,96.t18,
a,a,,19,96.t19,
little,little,,20,96.t20,
later,later,false,21,96.t21,
",",",",,22,96.t22,
it,it,,23,96.t23,
may,may,,24,96.t24,
be,be,false,25,96.t25,
",",",",,26,96.t26,
more,more,,27,96.t27,
perfectly,perfectly,false,28,96.t28,
",",",",,29,96.t29,
in,in,,30,96.t30,
the,the,,31,96.t31,
Same,Same,false,32,96.t32,
",",",",,33,96.t33,
our,our,,34,96.t34,
Lord,Lord,,35,96.t35,
Jesus,Jesus,,36,96.t36,
Christ,Christ,false,37,96.t37,
",",",",,38,96.t38,
to,to,,39,96.t39,
Whom,Whom,,40,96.t40,
be,be,,41,96.t41,
glory,glory,,42,96.t42,
for,for,,43,96.t43,
ever,ever,false,44,96.t44,
.,.,,45,96.t45,
Amen,Amen,false,1,97.t1,
.,.,,2,97.t2,
