named_entity_urn,ref,token_position
urn:cite2:beyond-translation.scaife-viewer.org:place.v1:0,urn:cts:greekLit:tlg0012.tlg002.perseus-grc2:4.126,7
urn:cite2:beyond-translation.scaife-viewer.org:place.v1:1,urn:cts:greekLit:tlg0012.tlg002.perseus-grc2:16.227,1
urn:cite2:beyond-translation.scaife-viewer.org:place.v1:1,urn:cts:greekLit:tlg0012.tlg002.perseus-grc2:6.3,4
urn:cite2:beyond-translation.scaife-viewer.org:place.v1:1,urn:cts:greekLit:tlg0012.tlg002.perseus-grc2:6.8,3
urn:cite2:beyond-translation.scaife-viewer.org:place.v1:1,urn:cts:greekLit:tlg0012.tlg002.perseus-grc2:6.35,2
urn:cite2:beyond-translation.scaife-viewer.org:place.v1:1,urn:cts:greekLit:tlg0012.tlg002.perseus-grc2:6.55,6
urn:cite2:beyond-translation.scaife-viewer.org:place.v1:1,urn:cts:greekLit:tlg0012.tlg002.perseus-grc2:6.114,3
urn:cite2:beyond-translation.scaife-viewer.org:place.v1:1,urn:cts:greekLit:tlg0012.tlg002.perseus-grc2:6.195,1
urn:cite2:beyond-translation.scaife-viewer.org:place.v1:1,urn:cts:greekLit:tlg0012.tlg002.perseus-grc2:6.197,4
urn:cite2:beyond-translation.scaife-viewer.org:place.v1:1,urn:cts:greekLit:tlg0012.tlg002.perseus-grc2:6.202,3
urn:cite2:beyond-translation.scaife-viewer.org:place.v1:1,urn:cts:greekLit:tlg0012.tlg002.perseus-grc2:6.241,1
urn:cite2:beyond-translation.scaife-viewer.org:place.v1:1,urn:cts:greekLit:tlg0012.tlg002.perseus-grc2:6.257,2
urn:cite2:beyond-translation.scaife-viewer.org:place.v1:1,urn:cts:greekLit:tlg0012.tlg002.perseus-grc2:6.270,3
urn:cite2:beyond-translation.scaife-viewer.org:place.v1:1,urn:cts:greekLit:tlg0012.tlg002.perseus-grc2:6.284,1
urn:cite2:beyond-translation.scaife-viewer.org:place.v1:1,urn:cts:greekLit:tlg0012.tlg002.perseus-grc2:6.298,3
urn:cite2:beyond-translation.scaife-viewer.org:place.v1:1,urn:cts:greekLit:tlg0012.tlg002.perseus-grc2:6.302,2
urn:cite2:beyond-translation.scaife-viewer.org:place.v1:1,urn:cts:greekLit:tlg0012.tlg002.perseus-grc2:6.327,4
urn:cite2:beyond-translation.scaife-viewer.org:place.v1:1,urn:cts:greekLit:tlg0012.tlg002.perseus-grc2:19.279,1
urn:cite2:beyond-translation.scaife-viewer.org:place.v1:1,urn:cts:greekLit:tlg0012.tlg002.perseus-grc2:11.336,1
urn:cite2:beyond-translation.scaife-viewer.org:place.v1:1,urn:cts:greekLit:tlg0012.tlg002.perseus-grc2:11.343,3
urn:cite2:beyond-translation.scaife-viewer.org:place.v1:1,urn:cts:greekLit:tlg0012.tlg002.perseus-grc2:11.349,2
urn:cite2:beyond-translation.scaife-viewer.org:place.v1:1,urn:cts:greekLit:tlg0012.tlg002.perseus-grc2:8.5,1
urn:cite2:beyond-translation.scaife-viewer.org:place.v1:1,urn:cts:greekLit:tlg0012.tlg002.perseus-grc2:8.11,3
urn:cite2:beyond-translation.scaife-viewer.org:place.v1:1,urn:cts:greekLit:tlg0012.tlg002.perseus-grc2:8.21,3
urn:cite2:beyond-translation.scaife-viewer.org:place.v1:1,urn:cts:greekLit:tlg0012.tlg002.perseus-grc2:8.23,3
urn:cite2:beyond-translation.scaife-viewer.org:place.v1:1,urn:cts:greekLit:tlg0012.tlg002.perseus-grc2:8.26,2
urn:cite2:beyond-translation.scaife-viewer.org:place.v1:1,urn:cts:greekLit:tlg0012.tlg002.perseus-grc2:8.86,3
urn:cite2:beyond-translation.scaife-viewer.org:place.v1:1,urn:cts:greekLit:tlg0012.tlg002.perseus-grc2:8.91,1
urn:cite2:beyond-translation.scaife-viewer.org:place.v1:1,urn:cts:greekLit:tlg0012.tlg002.perseus-grc2:8.96,3
urn:cite2:beyond-translation.scaife-viewer.org:place.v1:1,urn:cts:greekLit:tlg0012.tlg002.perseus-grc2:8.97,2
urn:cite2:beyond-translation.scaife-viewer.org:place.v1:1,urn:cts:greekLit:tlg0012.tlg002.perseus-grc2:8.108,1
urn:cite2:beyond-translation.scaife-viewer.org:place.v1:1,urn:cts:greekLit:tlg0012.tlg002.perseus-grc2:8.117,2
urn:cite2:beyond-translation.scaife-viewer.org:place.v1:1,urn:cts:greekLit:tlg0012.tlg002.perseus-grc2:8.188,3
urn:cite2:beyond-translation.scaife-viewer.org:place.v1:1,urn:cts:greekLit:tlg0012.tlg002.perseus-grc2:8.191,1
urn:cite2:beyond-translation.scaife-viewer.org:place.v1:1,urn:cts:greekLit:tlg0012.tlg002.perseus-grc2:8.198,3
urn:cite2:beyond-translation.scaife-viewer.org:place.v1:1,urn:cts:greekLit:tlg0012.tlg002.perseus-grc2:8.201,5
urn:cite2:beyond-translation.scaife-viewer.org:place.v1:1,urn:cts:greekLit:tlg0012.tlg002.perseus-grc2:8.207,2
urn:cite2:beyond-translation.scaife-viewer.org:place.v1:1,urn:cts:greekLit:tlg0012.tlg002.perseus-grc2:8.231,1
urn:cite2:beyond-translation.scaife-viewer.org:place.v1:1,urn:cts:greekLit:tlg0012.tlg002.perseus-grc2:8.250,3
urn:cite2:beyond-translation.scaife-viewer.org:place.v1:1,urn:cts:greekLit:tlg0012.tlg002.perseus-grc2:8.369,1
urn:cite2:beyond-translation.scaife-viewer.org:place.v1:1,urn:cts:greekLit:tlg0012.tlg002.perseus-grc2:8.386,3
urn:cite2:beyond-translation.scaife-viewer.org:place.v1:1,urn:cts:greekLit:tlg0012.tlg002.perseus-grc2:8.387,2
urn:cite2:beyond-translation.scaife-viewer.org:place.v1:1,urn:cts:greekLit:tlg0012.tlg002.perseus-grc2:8.428,4
urn:cite2:beyond-translation.scaife-viewer.org:place.v1:1,urn:cts:greekLit:tlg0012.tlg002.perseus-grc2:8.440,6
urn:cite2:beyond-translation.scaife-viewer.org:place.v1:1,urn:cts:greekLit:tlg0012.tlg002.perseus-grc2:8.535,3
urn:cite2:beyond-translation.scaife-viewer.org:place.v1:1,urn:cts:greekLit:tlg0012.tlg002.perseus-grc2:8.536,2
urn:cite2:beyond-translation.scaife-viewer.org:place.v1:1,urn:cts:greekLit:tlg0012.tlg002.perseus-grc2:8.557,3
urn:cite2:beyond-translation.scaife-viewer.org:place.v1:1,urn:cts:greekLit:tlg0012.tlg002.perseus-grc2:8.567,3
urn:cite2:beyond-translation.scaife-viewer.org:place.v1:1,urn:cts:greekLit:tlg0012.tlg002.perseus-grc2:5.34,4
urn:cite2:beyond-translation.scaife-viewer.org:place.v1:1,urn:cts:greekLit:tlg0012.tlg002.perseus-grc2:5.35,1
urn:cite2:beyond-translation.scaife-viewer.org:place.v1:1,urn:cts:greekLit:tlg0012.tlg002.perseus-grc2:5.35,2
urn:cite2:beyond-translation.scaife-viewer.org:place.v1:1,urn:cts:greekLit:tlg0012.tlg002.perseus-grc2:5.35,3
urn:cite2:beyond-translation.scaife-viewer.org:place.v1:1,urn:cts:greekLit:tlg0012.tlg002.perseus-grc2:5.280,2
urn:cite2:beyond-translation.scaife-viewer.org:place.v1:1,urn:cts:greekLit:tlg0012.tlg002.perseus-grc2:5.288,3
urn:cite2:beyond-translation.scaife-viewer.org:place.v1:1,urn:cts:greekLit:tlg0012.tlg002.perseus-grc2:5.345,2
urn:cite2:beyond-translation.scaife-viewer.org:place.v1:1,urn:cts:greekLit:tlg0012.tlg002.perseus-grc2:5.386,3
urn:cite2:beyond-translation.scaife-viewer.org:place.v1:1,urn:cts:greekLit:tlg0012.tlg002.perseus-grc2:13.12,3
urn:cite2:beyond-translation.scaife-viewer.org:place.v1:1,urn:cts:greekLit:tlg0012.tlg002.perseus-grc2:13.36,3
urn:cite2:beyond-translation.scaife-viewer.org:place.v1:1,urn:cts:greekLit:tlg0012.tlg002.perseus-grc2:13.120,7
urn:cite2:beyond-translation.scaife-viewer.org:place.v1:1,urn:cts:greekLit:tlg0012.tlg002.perseus-grc2:13.130,1
urn:cite2:beyond-translation.scaife-viewer.org:place.v1:1,urn:cts:greekLit:tlg0012.tlg002.perseus-grc2:13.149,3
urn:cite2:beyond-translation.scaife-viewer.org:place.v1:1,urn:cts:greekLit:tlg0012.tlg002.perseus-grc2:13.160,5
urn:cite2:beyond-translation.scaife-viewer.org:place.v1:1,urn:cts:greekLit:tlg0012.tlg002.perseus-grc2:13.160,7
urn:cite2:beyond-translation.scaife-viewer.org:place.v1:1,urn:cts:greekLit:tlg0012.tlg002.perseus-grc2:13.166,1
urn:cite2:beyond-translation.scaife-viewer.org:place.v1:1,urn:cts:greekLit:tlg0012.tlg002.perseus-grc2:13.175,3
urn:cite2:beyond-translation.scaife-viewer.org:place.v1:1,urn:cts:greekLit:tlg0012.tlg002.perseus-grc2:13.186,2
urn:cite2:beyond-translation.scaife-viewer.org:place.v1:1,urn:cts:greekLit:tlg0012.tlg002.perseus-grc2:13.204,6
urn:cite2:beyond-translation.scaife-viewer.org:place.v1:1,urn:cts:greekLit:tlg0012.tlg002.perseus-grc2:13.210,2
urn:cite2:beyond-translation.scaife-viewer.org:place.v1:1,urn:cts:greekLit:tlg0012.tlg002.perseus-grc2:13.302,4
urn:cite2:beyond-translation.scaife-viewer.org:place.v1:1,urn:cts:greekLit:tlg0012.tlg002.perseus-grc2:13.304,6
urn:cite2:beyond-translation.scaife-viewer.org:place.v1:1,urn:cts:greekLit:tlg0012.tlg002.perseus-grc2:13.322,4
urn:cite2:beyond-translation.scaife-viewer.org:place.v1:1,urn:cts:greekLit:tlg0012.tlg002.perseus-grc2:13.369,6
urn:cite2:beyond-translation.scaife-viewer.org:place.v1:1,urn:cts:greekLit:tlg0012.tlg002.perseus-grc2:7.11,1
urn:cite2:beyond-translation.scaife-viewer.org:place.v1:1,urn:cts:greekLit:tlg0012.tlg002.perseus-grc2:7.16,3
urn:cite2:beyond-translation.scaife-viewer.org:place.v1:1,urn:cts:greekLit:tlg0012.tlg002.perseus-grc2:7.39,4
urn:cite2:beyond-translation.scaife-viewer.org:place.v1:1,urn:cts:greekLit:tlg0012.tlg002.perseus-grc2:7.62,5
urn:cite2:beyond-translation.scaife-viewer.org:place.v1:1,urn:cts:greekLit:tlg0012.tlg002.perseus-grc2:7.79,6
urn:cite2:beyond-translation.scaife-viewer.org:place.v1:1,urn:cts:greekLit:tlg0012.tlg002.perseus-grc2:7.98,3
urn:cite2:beyond-translation.scaife-viewer.org:place.v1:1,urn:cts:greekLit:tlg0012.tlg002.perseus-grc2:7.108,2
urn:cite2:beyond-translation.scaife-viewer.org:place.v1:1,urn:cts:greekLit:tlg0012.tlg002.perseus-grc2:7.136,3
urn:cite2:beyond-translation.scaife-viewer.org:place.v1:1,urn:cts:greekLit:tlg0012.tlg002.perseus-grc2:7.156,3
urn:cite2:beyond-translation.scaife-viewer.org:place.v1:1,urn:cts:greekLit:tlg0012.tlg002.perseus-grc2:7.186,2
urn:cite2:beyond-translation.scaife-viewer.org:place.v1:1,urn:cts:greekLit:tlg0012.tlg002.perseus-grc2:7.316,1
urn:cite2:beyond-translation.scaife-viewer.org:place.v1:1,urn:cts:greekLit:tlg0012.tlg002.perseus-grc2:23.338,4
urn:cite2:beyond-translation.scaife-viewer.org:place.v1:2,urn:cts:greekLit:tlg0012.tlg002.perseus-grc2:24.82,6
urn:cite2:beyond-translation.scaife-viewer.org:place.v1:3,urn:cts:greekLit:tlg0012.tlg002.perseus-grc2:4.173,4
urn:cite2:beyond-translation.scaife-viewer.org:place.v1:3,urn:cts:greekLit:tlg0012.tlg002.perseus-grc2:4.722,6
urn:cite2:beyond-translation.scaife-viewer.org:place.v1:4,urn:cts:greekLit:tlg0012.tlg002.perseus-grc2:19.188,4
urn:cite2:beyond-translation.scaife-viewer.org:place.v1:5,urn:cts:greekLit:tlg0012.tlg002.perseus-grc2:4.84,1
urn:cite2:beyond-translation.scaife-viewer.org:place.v1:5,urn:cts:greekLit:tlg0012.tlg002.perseus-grc2:5.282,4
urn:cite2:beyond-translation.scaife-viewer.org:place.v1:6,urn:cts:greekLit:tlg0012.tlg002.perseus-grc2:15.80,6
urn:cite2:beyond-translation.scaife-viewer.org:place.v1:6,urn:cts:greekLit:tlg0012.tlg002.perseus-grc2:4.726,6
urn:cite2:beyond-translation.scaife-viewer.org:place.v1:6,urn:cts:greekLit:tlg0012.tlg002.perseus-grc2:4.816,6
urn:cite2:beyond-translation.scaife-viewer.org:place.v1:6,urn:cts:greekLit:tlg0012.tlg002.perseus-grc2:1.344,6
urn:cite2:beyond-translation.scaife-viewer.org:place.v1:6,urn:cts:greekLit:tlg0012.tlg002.perseus-grc2:11.496,5
urn:cite2:beyond-translation.scaife-viewer.org:place.v1:7,urn:cts:greekLit:tlg0012.tlg002.perseus-grc2:1.22,4
urn:cite2:beyond-translation.scaife-viewer.org:place.v1:7,urn:cts:greekLit:tlg0012.tlg002.perseus-grc2:1.23,1
urn:cite2:beyond-translation.scaife-viewer.org:place.v1:7,urn:cts:greekLit:tlg0012.tlg002.perseus-grc2:5.287,5
urn:cite2:beyond-translation.scaife-viewer.org:place.v1:8,urn:cts:greekLit:tlg0012.tlg002.perseus-grc2:1.184,2
urn:cite2:beyond-translation.scaife-viewer.org:place.v1:9,urn:cts:greekLit:tlg0012.tlg002.perseus-grc2:10.1,1
urn:cite2:beyond-translation.scaife-viewer.org:place.v1:9,urn:cts:greekLit:tlg0012.tlg002.perseus-grc2:10.55,3
urn:cite2:beyond-translation.scaife-viewer.org:place.v1:10,urn:cts:greekLit:tlg0012.tlg002.perseus-grc2:13.408,7
urn:cite2:beyond-translation.scaife-viewer.org:place.v1:11,urn:cts:greekLit:tlg0012.tlg002.perseus-grc2:15.404,1
urn:cite2:beyond-translation.scaife-viewer.org:place.v1:12,urn:cts:greekLit:tlg0012.tlg002.perseus-grc2:19.275,1
urn:cite2:beyond-translation.scaife-viewer.org:place.v1:12,urn:cts:greekLit:tlg0012.tlg002.perseus-grc2:20.383,2
urn:cite2:beyond-translation.scaife-viewer.org:place.v1:12,urn:cts:greekLit:tlg0012.tlg002.perseus-grc2:11.107,1
urn:cite2:beyond-translation.scaife-viewer.org:place.v1:12,urn:cts:greekLit:tlg0012.tlg002.perseus-grc2:24.211,4
urn:cite2:beyond-translation.scaife-viewer.org:place.v1:12,urn:cts:greekLit:tlg0012.tlg002.perseus-grc2:24.307,3
urn:cite2:beyond-translation.scaife-viewer.org:place.v1:12,urn:cts:greekLit:tlg0012.tlg002.perseus-grc2:24.366,2
urn:cite2:beyond-translation.scaife-viewer.org:place.v1:12,urn:cts:greekLit:tlg0012.tlg002.perseus-grc2:24.389,3
urn:cite2:beyond-translation.scaife-viewer.org:place.v1:12,urn:cts:greekLit:tlg0012.tlg002.perseus-grc2:12.127,1
urn:cite2:beyond-translation.scaife-viewer.org:place.v1:12,urn:cts:greekLit:tlg0012.tlg002.perseus-grc2:12.135,1
urn:cite2:beyond-translation.scaife-viewer.org:place.v1:12,urn:cts:greekLit:tlg0012.tlg002.perseus-grc2:23.318,4
urn:cite2:beyond-translation.scaife-viewer.org:place.v1:13,urn:cts:greekLit:tlg0012.tlg002.perseus-grc2:6.172,1
urn:cite2:beyond-translation.scaife-viewer.org:place.v1:13,urn:cts:greekLit:tlg0012.tlg002.perseus-grc2:6.172,2
urn:cite2:beyond-translation.scaife-viewer.org:place.v1:13,urn:cts:greekLit:tlg0012.tlg002.perseus-grc2:6.172,3
urn:cite2:beyond-translation.scaife-viewer.org:place.v1:13,urn:cts:greekLit:tlg0012.tlg002.perseus-grc2:1.85,3
urn:cite2:beyond-translation.scaife-viewer.org:place.v1:13,urn:cts:greekLit:tlg0012.tlg002.perseus-grc2:12.448,3
urn:cite2:beyond-translation.scaife-viewer.org:place.v1:13,urn:cts:greekLit:tlg0012.tlg002.perseus-grc2:7.244,1
urn:cite2:beyond-translation.scaife-viewer.org:place.v1:13,urn:cts:greekLit:tlg0012.tlg002.perseus-grc2:7.254,3
urn:cite2:beyond-translation.scaife-viewer.org:place.v1:13,urn:cts:greekLit:tlg0012.tlg002.perseus-grc2:23.333,4
urn:cite2:beyond-translation.scaife-viewer.org:place.v1:14,urn:cts:greekLit:tlg0012.tlg002.perseus-grc2:18.127,2
urn:cite2:beyond-translation.scaife-viewer.org:place.v1:15,urn:cts:greekLit:tlg0012.tlg002.perseus-grc2:15.43,9
urn:cite2:beyond-translation.scaife-viewer.org:place.v1:15,urn:cts:greekLit:tlg0012.tlg002.perseus-grc2:15.523,6
urn:cite2:beyond-translation.scaife-viewer.org:place.v1:15,urn:cts:greekLit:tlg0012.tlg002.perseus-grc2:6.42,1
urn:cite2:beyond-translation.scaife-viewer.org:place.v1:15,urn:cts:greekLit:tlg0012.tlg002.perseus-grc2:6.188,6
urn:cite2:beyond-translation.scaife-viewer.org:place.v1:15,urn:cts:greekLit:tlg0012.tlg002.perseus-grc2:6.240,6
urn:cite2:beyond-translation.scaife-viewer.org:place.v1:15,urn:cts:greekLit:tlg0012.tlg002.perseus-grc2:19.43,7
urn:cite2:beyond-translation.scaife-viewer.org:place.v1:15,urn:cts:greekLit:tlg0012.tlg002.perseus-grc2:20.55,5
urn:cite2:beyond-translation.scaife-viewer.org:place.v1:15,urn:cts:greekLit:tlg0012.tlg002.perseus-grc2:20.73,6
urn:cite2:beyond-translation.scaife-viewer.org:place.v1:15,urn:cts:greekLit:tlg0012.tlg002.perseus-grc2:20.79,4
urn:cite2:beyond-translation.scaife-viewer.org:place.v1:15,urn:cts:greekLit:tlg0012.tlg002.perseus-grc2:20.103,6
urn:cite2:beyond-translation.scaife-viewer.org:place.v1:15,urn:cts:greekLit:tlg0012.tlg002.perseus-grc2:11.313,7
urn:cite2:beyond-translation.scaife-viewer.org:place.v1:15,urn:cts:greekLit:tlg0012.tlg002.perseus-grc2:11.315,3
urn:cite2:beyond-translation.scaife-viewer.org:place.v1:15,urn:cts:greekLit:tlg0012.tlg002.perseus-grc2:10.307,7
urn:cite2:beyond-translation.scaife-viewer.org:place.v1:15,urn:cts:greekLit:tlg0012.tlg002.perseus-grc2:8.331,6
urn:cite2:beyond-translation.scaife-viewer.org:place.v1:15,urn:cts:greekLit:tlg0012.tlg002.perseus-grc2:24.351,10
urn:cite2:beyond-translation.scaife-viewer.org:place.v1:15,urn:cts:greekLit:tlg0012.tlg002.perseus-grc2:24.488,4
urn:cite2:beyond-translation.scaife-viewer.org:place.v1:15,urn:cts:greekLit:tlg0012.tlg002.perseus-grc2:12.337,5
urn:cite2:beyond-translation.scaife-viewer.org:place.v1:15,urn:cts:greekLit:tlg0012.tlg002.perseus-grc2:14.394,5
urn:cite2:beyond-translation.scaife-viewer.org:place.v1:15,urn:cts:greekLit:tlg0012.tlg002.perseus-grc2:18.180,7
urn:cite2:beyond-translation.scaife-viewer.org:place.v1:15,urn:cts:greekLit:tlg0012.tlg002.perseus-grc2:23.140,5
urn:cite2:beyond-translation.scaife-viewer.org:place.v1:15,urn:cts:greekLit:tlg0012.tlg002.perseus-grc2:23.167,4
urn:cite2:beyond-translation.scaife-viewer.org:place.v1:16,urn:cts:greekLit:tlg0012.tlg002.perseus-grc2:5.50,1
urn:cite2:beyond-translation.scaife-viewer.org:place.v1:17,urn:cts:greekLit:tlg0012.tlg002.perseus-grc2:8.294,5
urn:cite2:beyond-translation.scaife-viewer.org:place.v1:18,urn:cts:greekLit:tlg0012.tlg002.perseus-grc2:9.40,1
urn:cite2:beyond-translation.scaife-viewer.org:place.v1:18,urn:cts:greekLit:tlg0012.tlg002.perseus-grc2:9.198,4
urn:cite2:beyond-translation.scaife-viewer.org:place.v1:19,urn:cts:greekLit:tlg0012.tlg002.perseus-grc2:10.513,4
urn:cite2:beyond-translation.scaife-viewer.org:place.v1:20,urn:cts:greekLit:tlg0012.tlg002.perseus-grc2:4.846,1
urn:cite2:beyond-translation.scaife-viewer.org:place.v1:21,urn:cts:greekLit:tlg0012.tlg002.perseus-grc2:20.210,5
urn:cite2:beyond-translation.scaife-viewer.org:place.v1:21,urn:cts:greekLit:tlg0012.tlg002.perseus-grc2:24.355,3
urn:cite2:beyond-translation.scaife-viewer.org:place.v1:21,urn:cts:greekLit:tlg0012.tlg002.perseus-grc2:24.378,3
urn:cite2:beyond-translation.scaife-viewer.org:place.v1:21,urn:cts:greekLit:tlg0012.tlg002.perseus-grc2:24.429,5
urn:cite2:beyond-translation.scaife-viewer.org:place.v1:22,urn:cts:greekLit:tlg0012.tlg002.perseus-grc2:19.296,4
urn:cite2:beyond-translation.scaife-viewer.org:place.v1:22,urn:cts:greekLit:tlg0012.tlg002.perseus-grc2:14.327,4
urn:cite2:beyond-translation.scaife-viewer.org:place.v1:23,urn:cts:greekLit:tlg0012.tlg002.perseus-grc2:16.123,1
urn:cite2:beyond-translation.scaife-viewer.org:place.v1:23,urn:cts:greekLit:tlg0012.tlg002.perseus-grc2:16.247,3
urn:cite2:beyond-translation.scaife-viewer.org:place.v1:23,urn:cts:greekLit:tlg0012.tlg002.perseus-grc2:16.396,4
urn:cite2:beyond-translation.scaife-viewer.org:place.v1:23,urn:cts:greekLit:tlg0012.tlg002.perseus-grc2:19.131,1
urn:cite2:beyond-translation.scaife-viewer.org:place.v1:23,urn:cts:greekLit:tlg0012.tlg002.perseus-grc2:19.292,4
urn:cite2:beyond-translation.scaife-viewer.org:place.v1:23,urn:cts:greekLit:tlg0012.tlg002.perseus-grc2:14.335,4
urn:cite2:beyond-translation.scaife-viewer.org:place.v1:23,urn:cts:greekLit:tlg0012.tlg002.perseus-grc2:14.397,1
urn:cite2:beyond-translation.scaife-viewer.org:place.v1:23,urn:cts:greekLit:tlg0012.tlg002.perseus-grc2:18.395,5
urn:cite2:beyond-translation.scaife-viewer.org:place.v1:23,urn:cts:greekLit:tlg0012.tlg002.perseus-grc2:18.424,2
urn:cite2:beyond-translation.scaife-viewer.org:place.v1:24,urn:cts:greekLit:tlg0012.tlg002.perseus-grc2:2.328,4
urn:cite2:beyond-translation.scaife-viewer.org:place.v1:24,urn:cts:greekLit:tlg0012.tlg002.perseus-grc2:1.259,2
urn:cite2:beyond-translation.scaife-viewer.org:place.v1:25,urn:cts:greekLit:tlg0012.tlg002.perseus-grc2:17.250,3
urn:cite2:beyond-translation.scaife-viewer.org:place.v1:25,urn:cts:greekLit:tlg0012.tlg002.perseus-grc2:2.25,5
urn:cite2:beyond-translation.scaife-viewer.org:place.v1:25,urn:cts:greekLit:tlg0012.tlg002.perseus-grc2:2.161,5
urn:cite2:beyond-translation.scaife-viewer.org:place.v1:25,urn:cts:greekLit:tlg0012.tlg002.perseus-grc2:2.167,3
urn:cite2:beyond-translation.scaife-viewer.org:place.v1:25,urn:cts:greekLit:tlg0012.tlg002.perseus-grc2:2.229,5
urn:cite2:beyond-translation.scaife-viewer.org:place.v1:25,urn:cts:greekLit:tlg0012.tlg002.perseus-grc2:2.246,6
urn:cite2:beyond-translation.scaife-viewer.org:place.v1:25,urn:cts:greekLit:tlg0012.tlg002.perseus-grc2:2.256,3
urn:cite2:beyond-translation.scaife-viewer.org:place.v1:25,urn:cts:greekLit:tlg0012.tlg002.perseus-grc2:2.293,4
urn:cite2:beyond-translation.scaife-viewer.org:place.v1:25,urn:cts:greekLit:tlg0012.tlg002.perseus-grc2:9.21,3
urn:cite2:beyond-translation.scaife-viewer.org:place.v1:25,urn:cts:greekLit:tlg0012.tlg002.perseus-grc2:9.505,3
urn:cite2:beyond-translation.scaife-viewer.org:place.v1:25,urn:cts:greekLit:tlg0012.tlg002.perseus-grc2:9.531,3
urn:cite2:beyond-translation.scaife-viewer.org:place.v1:25,urn:cts:greekLit:tlg0012.tlg002.perseus-grc2:16.58,3
urn:cite2:beyond-translation.scaife-viewer.org:place.v1:25,urn:cts:greekLit:tlg0012.tlg002.perseus-grc2:16.124,4
urn:cite2:beyond-translation.scaife-viewer.org:place.v1:25,urn:cts:greekLit:tlg0012.tlg002.perseus-grc2:16.223,3
urn:cite2:beyond-translation.scaife-viewer.org:place.v1:25,urn:cts:greekLit:tlg0012.tlg002.perseus-grc2:16.230,3
urn:cite2:beyond-translation.scaife-viewer.org:place.v1:25,urn:cts:greekLit:tlg0012.tlg002.perseus-grc2:16.251,4
urn:cite2:beyond-translation.scaife-viewer.org:place.v1:25,urn:cts:greekLit:tlg0012.tlg002.perseus-grc2:16.322,5
urn:cite2:beyond-translation.scaife-viewer.org:place.v1:25,urn:cts:greekLit:tlg0012.tlg002.perseus-grc2:16.419,3
urn:cite2:beyond-translation.scaife-viewer.org:place.v1:25,urn:cts:greekLit:tlg0012.tlg002.perseus-grc2:3.81,3
urn:cite2:beyond-translation.scaife-viewer.org:place.v1:25,urn:cts:greekLit:tlg0012.tlg002.perseus-grc2:15.29,3
urn:cite2:beyond-translation.scaife-viewer.org:place.v1:25,urn:cts:greekLit:tlg0012.tlg002.perseus-grc2:15.36,5
urn:cite2:beyond-translation.scaife-viewer.org:place.v1:25,urn:cts:greekLit:tlg0012.tlg002.perseus-grc2:15.157,2
urn:cite2:beyond-translation.scaife-viewer.org:place.v1:25,urn:cts:greekLit:tlg0012.tlg002.perseus-grc2:15.267,2
urn:cite2:beyond-translation.scaife-viewer.org:place.v1:25,urn:cts:greekLit:tlg0012.tlg002.perseus-grc2:15.482,3
urn:cite2:beyond-translation.scaife-viewer.org:place.v1:25,urn:cts:greekLit:tlg0012.tlg002.perseus-grc2:15.510,4
urn:cite2:beyond-translation.scaife-viewer.org:place.v1:25,urn:cts:greekLit:tlg0012.tlg002.perseus-grc2:15.520,5
urn:cite2:beyond-translation.scaife-viewer.org:place.v1:25,urn:cts:greekLit:tlg0012.tlg002.perseus-grc2:15.534,3
urn:cite2:beyond-translation.scaife-viewer.org:place.v1:25,urn:cts:greekLit:tlg0012.tlg002.perseus-grc2:4.175,2
urn:cite2:beyond-translation.scaife-viewer.org:place.v1:25,urn:cts:greekLit:tlg0012.tlg002.perseus-grc2:4.555,3
urn:cite2:beyond-translation.scaife-viewer.org:place.v1:25,urn:cts:greekLit:tlg0012.tlg002.perseus-grc2:4.601,4
urn:cite2:beyond-translation.scaife-viewer.org:place.v1:25,urn:cts:greekLit:tlg0012.tlg002.perseus-grc2:4.605,3
urn:cite2:beyond-translation.scaife-viewer.org:place.v1:25,urn:cts:greekLit:tlg0012.tlg002.perseus-grc2:4.608,5
urn:cite2:beyond-translation.scaife-viewer.org:place.v1:25,urn:cts:greekLit:tlg0012.tlg002.perseus-grc2:4.643,3
urn:cite2:beyond-translation.scaife-viewer.org:place.v1:25,urn:cts:greekLit:tlg0012.tlg002.perseus-grc2:4.671,3
urn:cite2:beyond-translation.scaife-viewer.org:place.v1:25,urn:cts:greekLit:tlg0012.tlg002.perseus-grc2:4.845,2
urn:cite2:beyond-translation.scaife-viewer.org:place.v1:25,urn:cts:greekLit:tlg0012.tlg002.perseus-grc2:1.18,2
urn:cite2:beyond-translation.scaife-viewer.org:place.v1:25,urn:cts:greekLit:tlg0012.tlg002.perseus-grc2:1.57,3
urn:cite2:beyond-translation.scaife-viewer.org:place.v1:25,urn:cts:greekLit:tlg0012.tlg002.perseus-grc2:1.88,3
urn:cite2:beyond-translation.scaife-viewer.org:place.v1:25,urn:cts:greekLit:tlg0012.tlg002.perseus-grc2:1.103,3
urn:cite2:beyond-translation.scaife-viewer.org:place.v1:25,urn:cts:greekLit:tlg0012.tlg002.perseus-grc2:1.163,4
urn:cite2:beyond-translation.scaife-viewer.org:place.v1:25,urn:cts:greekLit:tlg0012.tlg002.perseus-grc2:1.172,3
urn:cite2:beyond-translation.scaife-viewer.org:place.v1:25,urn:cts:greekLit:tlg0012.tlg002.perseus-grc2:1.186,3
urn:cite2:beyond-translation.scaife-viewer.org:place.v1:25,urn:cts:greekLit:tlg0012.tlg002.perseus-grc2:1.186,4
urn:cite2:beyond-translation.scaife-viewer.org:place.v1:25,urn:cts:greekLit:tlg0012.tlg002.perseus-grc2:1.186,5
urn:cite2:beyond-translation.scaife-viewer.org:place.v1:25,urn:cts:greekLit:tlg0012.tlg002.perseus-grc2:1.247,4
urn:cite2:beyond-translation.scaife-viewer.org:place.v1:25,urn:cts:greekLit:tlg0012.tlg002.perseus-grc2:1.386,6
urn:cite2:beyond-translation.scaife-viewer.org:place.v1:25,urn:cts:greekLit:tlg0012.tlg002.perseus-grc2:1.395,4
urn:cite2:beyond-translation.scaife-viewer.org:place.v1:25,urn:cts:greekLit:tlg0012.tlg002.perseus-grc2:1.401,5
urn:cite2:beyond-translation.scaife-viewer.org:place.v1:25,urn:cts:greekLit:tlg0012.tlg002.perseus-grc2:1.404,3
urn:cite2:beyond-translation.scaife-viewer.org:place.v1:25,urn:cts:greekLit:tlg0012.tlg002.perseus-grc2:19.132,4
urn:cite2:beyond-translation.scaife-viewer.org:place.v1:25,urn:cts:greekLit:tlg0012.tlg002.perseus-grc2:19.399,4
urn:cite2:beyond-translation.scaife-viewer.org:place.v1:25,urn:cts:greekLit:tlg0012.tlg002.perseus-grc2:19.462,2
urn:cite2:beyond-translation.scaife-viewer.org:place.v1:25,urn:cts:greekLit:tlg0012.tlg002.perseus-grc2:20.340,4
urn:cite2:beyond-translation.scaife-viewer.org:place.v1:25,urn:cts:greekLit:tlg0012.tlg002.perseus-grc2:21.18,4
urn:cite2:beyond-translation.scaife-viewer.org:place.v1:25,urn:cts:greekLit:tlg0012.tlg002.perseus-grc2:21.109,3
urn:cite2:beyond-translation.scaife-viewer.org:place.v1:25,urn:cts:greekLit:tlg0012.tlg002.perseus-grc2:21.252,2
urn:cite2:beyond-translation.scaife-viewer.org:place.v1:25,urn:cts:greekLit:tlg0012.tlg002.perseus-grc2:21.346,4
urn:cite2:beyond-translation.scaife-viewer.org:place.v1:25,urn:cts:greekLit:tlg0012.tlg002.perseus-grc2:11.30,3
urn:cite2:beyond-translation.scaife-viewer.org:place.v1:25,urn:cts:greekLit:tlg0012.tlg002.perseus-grc2:11.111,5
urn:cite2:beyond-translation.scaife-viewer.org:place.v1:25,urn:cts:greekLit:tlg0012.tlg002.perseus-grc2:11.361,4
urn:cite2:beyond-translation.scaife-viewer.org:place.v1:25,urn:cts:greekLit:tlg0012.tlg002.perseus-grc2:11.480,3
urn:cite2:beyond-translation.scaife-viewer.org:place.v1:25,urn:cts:greekLit:tlg0012.tlg002.perseus-grc2:10.417,2
urn:cite2:beyond-translation.scaife-viewer.org:place.v1:25,urn:cts:greekLit:tlg0012.tlg002.perseus-grc2:10.420,5
urn:cite2:beyond-translation.scaife-viewer.org:place.v1:25,urn:cts:greekLit:tlg0012.tlg002.perseus-grc2:10.463,2
urn:cite2:beyond-translation.scaife-viewer.org:place.v1:25,urn:cts:greekLit:tlg0012.tlg002.perseus-grc2:10.522,3
urn:cite2:beyond-translation.scaife-viewer.org:place.v1:25,urn:cts:greekLit:tlg0012.tlg002.perseus-grc2:24.104,5
urn:cite2:beyond-translation.scaife-viewer.org:place.v1:25,urn:cts:greekLit:tlg0012.tlg002.perseus-grc2:24.259,4
urn:cite2:beyond-translation.scaife-viewer.org:place.v1:25,urn:cts:greekLit:tlg0012.tlg002.perseus-grc2:24.269,4
urn:cite2:beyond-translation.scaife-viewer.org:place.v1:25,urn:cts:greekLit:tlg0012.tlg002.perseus-grc2:24.284,7
urn:cite2:beyond-translation.scaife-viewer.org:place.v1:25,urn:cts:greekLit:tlg0012.tlg002.perseus-grc2:24.354,3
urn:cite2:beyond-translation.scaife-viewer.org:place.v1:25,urn:cts:greekLit:tlg0012.tlg002.perseus-grc2:24.443,5
urn:cite2:beyond-translation.scaife-viewer.org:place.v1:25,urn:cts:greekLit:tlg0012.tlg002.perseus-grc2:24.454,5
urn:cite2:beyond-translation.scaife-viewer.org:place.v1:25,urn:cts:greekLit:tlg0012.tlg002.perseus-grc2:24.531,3
urn:cite2:beyond-translation.scaife-viewer.org:place.v1:25,urn:cts:greekLit:tlg0012.tlg002.perseus-grc2:12.138,6
urn:cite2:beyond-translation.scaife-viewer.org:place.v1:25,urn:cts:greekLit:tlg0012.tlg002.perseus-grc2:12.345,5
urn:cite2:beyond-translation.scaife-viewer.org:place.v1:25,urn:cts:greekLit:tlg0012.tlg002.perseus-grc2:14.98,3
urn:cite2:beyond-translation.scaife-viewer.org:place.v1:25,urn:cts:greekLit:tlg0012.tlg002.perseus-grc2:14.126,5
urn:cite2:beyond-translation.scaife-viewer.org:place.v1:25,urn:cts:greekLit:tlg0012.tlg002.perseus-grc2:14.182,3
urn:cite2:beyond-translation.scaife-viewer.org:place.v1:25,urn:cts:greekLit:tlg0012.tlg002.perseus-grc2:14.189,3
urn:cite2:beyond-translation.scaife-viewer.org:place.v1:25,urn:cts:greekLit:tlg0012.tlg002.perseus-grc2:14.329,3
urn:cite2:beyond-translation.scaife-viewer.org:place.v1:25,urn:cts:greekLit:tlg0012.tlg002.perseus-grc2:14.344,3
urn:cite2:beyond-translation.scaife-viewer.org:place.v1:25,urn:cts:greekLit:tlg0012.tlg002.perseus-grc2:13.97,3
urn:cite2:beyond-translation.scaife-viewer.org:place.v1:25,urn:cts:greekLit:tlg0012.tlg002.perseus-grc2:13.135,3
urn:cite2:beyond-translation.scaife-viewer.org:place.v1:25,urn:cts:greekLit:tlg0012.tlg002.perseus-grc2:13.212,3
urn:cite2:beyond-translation.scaife-viewer.org:place.v1:25,urn:cts:greekLit:tlg0012.tlg002.perseus-grc2:13.248,4
urn:cite2:beyond-translation.scaife-viewer.org:place.v1:25,urn:cts:greekLit:tlg0012.tlg002.perseus-grc2:13.256,2
urn:cite2:beyond-translation.scaife-viewer.org:place.v1:25,urn:cts:greekLit:tlg0012.tlg002.perseus-grc2:13.325,3
urn:cite2:beyond-translation.scaife-viewer.org:place.v1:25,urn:cts:greekLit:tlg0012.tlg002.perseus-grc2:13.344,5
urn:cite2:beyond-translation.scaife-viewer.org:place.v1:25,urn:cts:greekLit:tlg0012.tlg002.perseus-grc2:18.2,2
urn:cite2:beyond-translation.scaife-viewer.org:place.v1:25,urn:cts:greekLit:tlg0012.tlg002.perseus-grc2:23.122,3
urn:cite2:beyond-translation.scaife-viewer.org:place.v1:25,urn:cts:greekLit:tlg0012.tlg002.perseus-grc2:23.176,2
urn:cite2:beyond-translation.scaife-viewer.org:place.v1:25,urn:cts:greekLit:tlg0012.tlg002.perseus-grc2:22.30,3
urn:cite2:beyond-translation.scaife-viewer.org:place.v1:25,urn:cts:greekLit:tlg0012.tlg002.perseus-grc2:22.45,5
urn:cite2:beyond-translation.scaife-viewer.org:place.v1:25,urn:cts:greekLit:tlg0012.tlg002.perseus-grc2:22.52,2
urn:cite2:beyond-translation.scaife-viewer.org:place.v1:25,urn:cts:greekLit:tlg0012.tlg002.perseus-grc2:22.223,4
urn:cite2:beyond-translation.scaife-viewer.org:place.v1:26,urn:cts:greekLit:tlg0012.tlg002.perseus-grc2:9.22,1
urn:cite2:beyond-translation.scaife-viewer.org:place.v1:26,urn:cts:greekLit:tlg0012.tlg002.perseus-grc2:24.377,2
urn:cite2:beyond-translation.scaife-viewer.org:place.v1:26,urn:cts:greekLit:tlg0012.tlg002.perseus-grc2:13.351,3
urn:cite2:beyond-translation.scaife-viewer.org:place.v1:27,urn:cts:greekLit:tlg0012.tlg002.perseus-grc2:9.24,3
urn:cite2:beyond-translation.scaife-viewer.org:place.v1:27,urn:cts:greekLit:tlg0012.tlg002.perseus-grc2:16.123,3
urn:cite2:beyond-translation.scaife-viewer.org:place.v1:27,urn:cts:greekLit:tlg0012.tlg002.perseus-grc2:16.249,3
urn:cite2:beyond-translation.scaife-viewer.org:place.v1:27,urn:cts:greekLit:tlg0012.tlg002.perseus-grc2:15.367,4
urn:cite2:beyond-translation.scaife-viewer.org:place.v1:27,urn:cts:greekLit:tlg0012.tlg002.perseus-grc2:1.246,3
urn:cite2:beyond-translation.scaife-viewer.org:place.v1:27,urn:cts:greekLit:tlg0012.tlg002.perseus-grc2:19.131,3
urn:cite2:beyond-translation.scaife-viewer.org:place.v1:27,urn:cts:greekLit:tlg0012.tlg002.perseus-grc2:20.288,5
urn:cite2:beyond-translation.scaife-viewer.org:place.v1:28,urn:cts:greekLit:tlg0012.tlg002.perseus-grc2:15.403,3
urn:cite2:beyond-translation.scaife-viewer.org:place.v1:29,urn:cts:greekLit:tlg0012.tlg002.perseus-grc2:16.426,4
urn:cite2:beyond-translation.scaife-viewer.org:place.v1:29,urn:cts:greekLit:tlg0012.tlg002.perseus-grc2:15.427,4
urn:cite2:beyond-translation.scaife-viewer.org:place.v1:29,urn:cts:greekLit:tlg0012.tlg002.perseus-grc2:1.105,3
urn:cite2:beyond-translation.scaife-viewer.org:place.v1:29,urn:cts:greekLit:tlg0012.tlg002.perseus-grc2:1.181,3
urn:cite2:beyond-translation.scaife-viewer.org:place.v1:29,urn:cts:greekLit:tlg0012.tlg002.perseus-grc2:1.417,7
urn:cite2:beyond-translation.scaife-viewer.org:place.v1:29,urn:cts:greekLit:tlg0012.tlg002.perseus-grc2:1.419,3
urn:cite2:beyond-translation.scaife-viewer.org:place.v1:29,urn:cts:greekLit:tlg0012.tlg002.perseus-grc2:14.452,5
urn:cite2:beyond-translation.scaife-viewer.org:place.v1:30,urn:cts:greekLit:tlg0012.tlg002.perseus-grc2:17.526,2
urn:cite2:beyond-translation.scaife-viewer.org:place.v1:30,urn:cts:greekLit:tlg0012.tlg002.perseus-grc2:16.65,3
urn:cite2:beyond-translation.scaife-viewer.org:place.v1:30,urn:cts:greekLit:tlg0012.tlg002.perseus-grc2:16.427,2
urn:cite2:beyond-translation.scaife-viewer.org:place.v1:30,urn:cts:greekLit:tlg0012.tlg002.perseus-grc2:19.271,2
urn:cite2:beyond-translation.scaife-viewer.org:place.v1:30,urn:cts:greekLit:tlg0012.tlg002.perseus-grc2:19.287,3
urn:cite2:beyond-translation.scaife-viewer.org:place.v1:30,urn:cts:greekLit:tlg0012.tlg002.perseus-grc2:19.292,2
urn:cite2:beyond-translation.scaife-viewer.org:place.v1:30,urn:cts:greekLit:tlg0012.tlg002.perseus-grc2:14.315,2
urn:cite2:beyond-translation.scaife-viewer.org:place.v1:30,urn:cts:greekLit:tlg0012.tlg002.perseus-grc2:14.316,3
urn:cite2:beyond-translation.scaife-viewer.org:place.v1:30,urn:cts:greekLit:tlg0012.tlg002.perseus-grc2:14.335,2
urn:cite2:beyond-translation.scaife-viewer.org:place.v1:31,urn:cts:greekLit:tlg0012.tlg002.perseus-grc2:9.24,7
urn:cite2:beyond-translation.scaife-viewer.org:place.v1:31,urn:cts:greekLit:tlg0012.tlg002.perseus-grc2:16.123,7
urn:cite2:beyond-translation.scaife-viewer.org:place.v1:31,urn:cts:greekLit:tlg0012.tlg002.perseus-grc2:16.250,3
urn:cite2:beyond-translation.scaife-viewer.org:place.v1:31,urn:cts:greekLit:tlg0012.tlg002.perseus-grc2:1.246,7
urn:cite2:beyond-translation.scaife-viewer.org:place.v1:31,urn:cts:greekLit:tlg0012.tlg002.perseus-grc2:19.131,7
urn:cite2:beyond-translation.scaife-viewer.org:place.v1:32,urn:cts:greekLit:tlg0012.tlg002.perseus-grc2:14.379,5
urn:cite2:beyond-translation.scaife-viewer.org:place.v1:33,urn:cts:greekLit:tlg0012.tlg002.perseus-grc2:15.295,6
urn:cite2:beyond-translation.scaife-viewer.org:place.v1:34,urn:cts:greekLit:tlg0012.tlg002.perseus-grc2:11.581,1
urn:cite2:beyond-translation.scaife-viewer.org:place.v1:34,urn:cts:greekLit:tlg0012.tlg002.perseus-grc2:8.80,1
urn:cite2:beyond-translation.scaife-viewer.org:place.v1:35,urn:cts:greekLit:tlg0012.tlg002.perseus-grc2:3.174,7
urn:cite2:beyond-translation.scaife-viewer.org:place.v1:35,urn:cts:greekLit:tlg0012.tlg002.perseus-grc2:3.174,1
urn:cite2:beyond-translation.scaife-viewer.org:place.v1:35,urn:cts:greekLit:tlg0012.tlg002.perseus-grc2:7.321,8
urn:cite2:beyond-translation.scaife-viewer.org:place.v1:36,urn:cts:greekLit:tlg0012.tlg002.perseus-grc2:11.256,6
urn:cite2:beyond-translation.scaife-viewer.org:place.v1:37,urn:cts:greekLit:tlg0012.tlg002.perseus-grc2:8.224,5
urn:cite2:beyond-translation.scaife-viewer.org:place.v1:38,urn:cts:greekLit:tlg0012.tlg002.perseus-grc2:11.284,4
urn:cite2:beyond-translation.scaife-viewer.org:place.v1:38,urn:cts:greekLit:tlg0012.tlg002.perseus-grc2:11.459,4
urn:cite2:beyond-translation.scaife-viewer.org:place.v1:39,urn:cts:greekLit:tlg0012.tlg002.perseus-grc2:11.315,1
urn:cite2:beyond-translation.scaife-viewer.org:place.v1:39,urn:cts:greekLit:tlg0012.tlg002.perseus-grc2:11.315,8
urn:cite2:beyond-translation.scaife-viewer.org:place.v1:39,urn:cts:greekLit:tlg0012.tlg002.perseus-grc2:11.316,1
urn:cite2:beyond-translation.scaife-viewer.org:place.v1:40,urn:cts:greekLit:tlg0012.tlg002.perseus-grc2:11.581,5
urn:cite2:beyond-translation.scaife-viewer.org:place.v1:41,urn:cts:greekLit:tlg0012.tlg002.perseus-grc2:19.394,1
urn:cite2:beyond-translation.scaife-viewer.org:place.v1:41,urn:cts:greekLit:tlg0012.tlg002.perseus-grc2:19.411,2
urn:cite2:beyond-translation.scaife-viewer.org:place.v1:41,urn:cts:greekLit:tlg0012.tlg002.perseus-grc2:19.466,1
urn:cite2:beyond-translation.scaife-viewer.org:place.v1:41,urn:cts:greekLit:tlg0012.tlg002.perseus-grc2:21.220,1
urn:cite2:beyond-translation.scaife-viewer.org:place.v1:41,urn:cts:greekLit:tlg0012.tlg002.perseus-grc2:24.332,3
urn:cite2:beyond-translation.scaife-viewer.org:place.v1:42,urn:cts:greekLit:tlg0012.tlg002.perseus-grc2:3.488,2
urn:cite2:beyond-translation.scaife-viewer.org:place.v1:42,urn:cts:greekLit:tlg0012.tlg002.perseus-grc2:15.186,2
urn:cite2:beyond-translation.scaife-viewer.org:place.v1:42,urn:cts:greekLit:tlg0012.tlg002.perseus-grc2:4.798,4
urn:cite2:beyond-translation.scaife-viewer.org:place.v1:43,urn:cts:greekLit:tlg0012.tlg002.perseus-grc2:11.496,7
urn:cite2:beyond-translation.scaife-viewer.org:place.v1:44,urn:cts:greekLit:tlg0012.tlg002.perseus-grc2:15.236,4
urn:cite2:beyond-translation.scaife-viewer.org:place.v1:44,urn:cts:greekLit:tlg0012.tlg002.perseus-grc2:11.290,2
urn:cite2:beyond-translation.scaife-viewer.org:place.v1:45,urn:cts:greekLit:tlg0012.tlg002.perseus-grc2:11.509,3
urn:cite2:beyond-translation.scaife-viewer.org:place.v1:46,urn:cts:greekLit:tlg0012.tlg002.perseus-grc2:15.247,4
urn:cite2:beyond-translation.scaife-viewer.org:place.v1:46,urn:cts:greekLit:tlg0012.tlg002.perseus-grc2:11.90,5
urn:cite2:beyond-translation.scaife-viewer.org:place.v1:46,urn:cts:greekLit:tlg0012.tlg002.perseus-grc2:11.165,3
urn:cite2:beyond-translation.scaife-viewer.org:place.v1:46,urn:cts:greekLit:tlg0012.tlg002.perseus-grc2:11.263,3
urn:cite2:beyond-translation.scaife-viewer.org:place.v1:46,urn:cts:greekLit:tlg0012.tlg002.perseus-grc2:11.265,3
urn:cite2:beyond-translation.scaife-viewer.org:place.v1:46,urn:cts:greekLit:tlg0012.tlg002.perseus-grc2:11.265,1
urn:cite2:beyond-translation.scaife-viewer.org:place.v1:46,urn:cts:greekLit:tlg0012.tlg002.perseus-grc2:11.275,5
urn:cite2:beyond-translation.scaife-viewer.org:place.v1:46,urn:cts:greekLit:tlg0012.tlg002.perseus-grc2:10.492,3
urn:cite2:beyond-translation.scaife-viewer.org:place.v1:46,urn:cts:greekLit:tlg0012.tlg002.perseus-grc2:10.565,3
urn:cite2:beyond-translation.scaife-viewer.org:place.v1:46,urn:cts:greekLit:tlg0012.tlg002.perseus-grc2:12.267,3
urn:cite2:beyond-translation.scaife-viewer.org:place.v1:46,urn:cts:greekLit:tlg0012.tlg002.perseus-grc2:23.323,3
urn:cite2:beyond-translation.scaife-viewer.org:place.v1:47,urn:cts:greekLit:tlg0012.tlg002.perseus-grc2:5.381,4
urn:cite2:beyond-translation.scaife-viewer.org:place.v1:48,urn:cts:greekLit:tlg0012.tlg002.perseus-grc2:3.170,3
urn:cite2:beyond-translation.scaife-viewer.org:place.v1:48,urn:cts:greekLit:tlg0012.tlg002.perseus-grc2:3.172,3
urn:cite2:beyond-translation.scaife-viewer.org:place.v1:49,urn:cts:greekLit:tlg0012.tlg002.perseus-grc2:17.104,5
urn:cite2:beyond-translation.scaife-viewer.org:place.v1:49,urn:cts:greekLit:tlg0012.tlg002.perseus-grc2:17.119,2
urn:cite2:beyond-translation.scaife-viewer.org:place.v1:49,urn:cts:greekLit:tlg0012.tlg002.perseus-grc2:17.293,8
urn:cite2:beyond-translation.scaife-viewer.org:place.v1:49,urn:cts:greekLit:tlg0012.tlg002.perseus-grc2:17.314,3
urn:cite2:beyond-translation.scaife-viewer.org:place.v1:49,urn:cts:greekLit:tlg0012.tlg002.perseus-grc2:2.18,1
urn:cite2:beyond-translation.scaife-viewer.org:place.v1:49,urn:cts:greekLit:tlg0012.tlg002.perseus-grc2:2.172,5
urn:cite2:beyond-translation.scaife-viewer.org:place.v1:49,urn:cts:greekLit:tlg0012.tlg002.perseus-grc2:9.38,6
urn:cite2:beyond-translation.scaife-viewer.org:place.v1:49,urn:cts:greekLit:tlg0012.tlg002.perseus-grc2:9.39,1
urn:cite2:beyond-translation.scaife-viewer.org:place.v1:49,urn:cts:greekLit:tlg0012.tlg002.perseus-grc2:9.259,3
urn:cite2:beyond-translation.scaife-viewer.org:place.v1:49,urn:cts:greekLit:tlg0012.tlg002.perseus-grc2:16.289,3
urn:cite2:beyond-translation.scaife-viewer.org:place.v1:49,urn:cts:greekLit:tlg0012.tlg002.perseus-grc2:3.85,4
urn:cite2:beyond-translation.scaife-viewer.org:place.v1:49,urn:cts:greekLit:tlg0012.tlg002.perseus-grc2:3.85,5
urn:cite2:beyond-translation.scaife-viewer.org:place.v1:49,urn:cts:greekLit:tlg0012.tlg002.perseus-grc2:3.86,6
urn:cite2:beyond-translation.scaife-viewer.org:place.v1:49,urn:cts:greekLit:tlg0012.tlg002.perseus-grc2:3.100,3
urn:cite2:beyond-translation.scaife-viewer.org:place.v1:49,urn:cts:greekLit:tlg0012.tlg002.perseus-grc2:3.107,5
urn:cite2:beyond-translation.scaife-viewer.org:place.v1:49,urn:cts:greekLit:tlg0012.tlg002.perseus-grc2:3.107,6
urn:cite2:beyond-translation.scaife-viewer.org:place.v1:49,urn:cts:greekLit:tlg0012.tlg002.perseus-grc2:3.107,7
urn:cite2:beyond-translation.scaife-viewer.org:place.v1:49,urn:cts:greekLit:tlg0012.tlg002.perseus-grc2:3.130,3
urn:cite2:beyond-translation.scaife-viewer.org:place.v1:49,urn:cts:greekLit:tlg0012.tlg002.perseus-grc2:3.130,4
urn:cite2:beyond-translation.scaife-viewer.org:place.v1:49,urn:cts:greekLit:tlg0012.tlg002.perseus-grc2:3.220,3
urn:cite2:beyond-translation.scaife-viewer.org:place.v1:49,urn:cts:greekLit:tlg0012.tlg002.perseus-grc2:3.257,2
urn:cite2:beyond-translation.scaife-viewer.org:place.v1:49,urn:cts:greekLit:tlg0012.tlg002.perseus-grc2:3.268,2
urn:cite2:beyond-translation.scaife-viewer.org:place.v1:49,urn:cts:greekLit:tlg0012.tlg002.perseus-grc2:3.276,6
urn:cite2:beyond-translation.scaife-viewer.org:place.v1:49,urn:cts:greekLit:tlg0012.tlg002.perseus-grc2:15.153,3
urn:cite2:beyond-translation.scaife-viewer.org:place.v1:49,urn:cts:greekLit:tlg0012.tlg002.perseus-grc2:4.6,2
urn:cite2:beyond-translation.scaife-viewer.org:place.v1:49,urn:cts:greekLit:tlg0012.tlg002.perseus-grc2:4.99,1
urn:cite2:beyond-translation.scaife-viewer.org:place.v1:49,urn:cts:greekLit:tlg0012.tlg002.perseus-grc2:4.146,3
urn:cite2:beyond-translation.scaife-viewer.org:place.v1:49,urn:cts:greekLit:tlg0012.tlg002.perseus-grc2:4.146,1
urn:cite2:beyond-translation.scaife-viewer.org:place.v1:49,urn:cts:greekLit:tlg0012.tlg002.perseus-grc2:4.243,3
urn:cite2:beyond-translation.scaife-viewer.org:place.v1:49,urn:cts:greekLit:tlg0012.tlg002.perseus-grc2:4.249,4
urn:cite2:beyond-translation.scaife-viewer.org:place.v1:49,urn:cts:greekLit:tlg0012.tlg002.perseus-grc2:4.254,6
urn:cite2:beyond-translation.scaife-viewer.org:place.v1:49,urn:cts:greekLit:tlg0012.tlg002.perseus-grc2:4.257,3
urn:cite2:beyond-translation.scaife-viewer.org:place.v1:49,urn:cts:greekLit:tlg0012.tlg002.perseus-grc2:4.259,3
urn:cite2:beyond-translation.scaife-viewer.org:place.v1:49,urn:cts:greekLit:tlg0012.tlg002.perseus-grc2:4.273,2
urn:cite2:beyond-translation.scaife-viewer.org:place.v1:49,urn:cts:greekLit:tlg0012.tlg002.perseus-grc2:4.275,3
urn:cite2:beyond-translation.scaife-viewer.org:place.v1:49,urn:cts:greekLit:tlg0012.tlg002.perseus-grc2:4.330,3
urn:cite2:beyond-translation.scaife-viewer.org:place.v1:49,urn:cts:greekLit:tlg0012.tlg002.perseus-grc2:4.488,6
urn:cite2:beyond-translation.scaife-viewer.org:place.v1:49,urn:cts:greekLit:tlg0012.tlg002.perseus-grc2:1.2,3
urn:cite2:beyond-translation.scaife-viewer.org:place.v1:49,urn:cts:greekLit:tlg0012.tlg002.perseus-grc2:1.62,1
urn:cite2:beyond-translation.scaife-viewer.org:place.v1:49,urn:cts:greekLit:tlg0012.tlg002.perseus-grc2:1.210,5
urn:cite2:beyond-translation.scaife-viewer.org:place.v1:49,urn:cts:greekLit:tlg0012.tlg002.perseus-grc2:1.237,6
urn:cite2:beyond-translation.scaife-viewer.org:place.v1:49,urn:cts:greekLit:tlg0012.tlg002.perseus-grc2:1.327,4
urn:cite2:beyond-translation.scaife-viewer.org:place.v1:49,urn:cts:greekLit:tlg0012.tlg002.perseus-grc2:1.355,2
urn:cite2:beyond-translation.scaife-viewer.org:place.v1:49,urn:cts:greekLit:tlg0012.tlg002.perseus-grc2:19.8,3
urn:cite2:beyond-translation.scaife-viewer.org:place.v1:49,urn:cts:greekLit:tlg0012.tlg002.perseus-grc2:19.125,4
urn:cite2:beyond-translation.scaife-viewer.org:place.v1:49,urn:cts:greekLit:tlg0012.tlg002.perseus-grc2:19.182,7
urn:cite2:beyond-translation.scaife-viewer.org:place.v1:49,urn:cts:greekLit:tlg0012.tlg002.perseus-grc2:19.187,2
urn:cite2:beyond-translation.scaife-viewer.org:place.v1:49,urn:cts:greekLit:tlg0012.tlg002.perseus-grc2:19.193,5
urn:cite2:beyond-translation.scaife-viewer.org:place.v1:49,urn:cts:greekLit:tlg0012.tlg002.perseus-grc2:19.260,3
urn:cite2:beyond-translation.scaife-viewer.org:place.v1:49,urn:cts:greekLit:tlg0012.tlg002.perseus-grc2:19.597,3
urn:cite2:beyond-translation.scaife-viewer.org:place.v1:49,urn:cts:greekLit:tlg0012.tlg002.perseus-grc2:11.86,6
urn:cite2:beyond-translation.scaife-viewer.org:place.v1:49,urn:cts:greekLit:tlg0012.tlg002.perseus-grc2:11.160,4
urn:cite2:beyond-translation.scaife-viewer.org:place.v1:49,urn:cts:greekLit:tlg0012.tlg002.perseus-grc2:11.169,1
urn:cite2:beyond-translation.scaife-viewer.org:place.v1:49,urn:cts:greekLit:tlg0012.tlg002.perseus-grc2:11.169,5
urn:cite2:beyond-translation.scaife-viewer.org:place.v1:49,urn:cts:greekLit:tlg0012.tlg002.perseus-grc2:11.372,1
urn:cite2:beyond-translation.scaife-viewer.org:place.v1:49,urn:cts:greekLit:tlg0012.tlg002.perseus-grc2:11.383,2
urn:cite2:beyond-translation.scaife-viewer.org:place.v1:49,urn:cts:greekLit:tlg0012.tlg002.perseus-grc2:11.499,6
urn:cite2:beyond-translation.scaife-viewer.org:place.v1:49,urn:cts:greekLit:tlg0012.tlg002.perseus-grc2:11.510,6
urn:cite2:beyond-translation.scaife-viewer.org:place.v1:49,urn:cts:greekLit:tlg0012.tlg002.perseus-grc2:11.513,5
urn:cite2:beyond-translation.scaife-viewer.org:place.v1:49,urn:cts:greekLit:tlg0012.tlg002.perseus-grc2:11.532,6
urn:cite2:beyond-translation.scaife-viewer.org:place.v1:49,urn:cts:greekLit:tlg0012.tlg002.perseus-grc2:11.533,5
urn:cite2:beyond-translation.scaife-viewer.org:place.v1:49,urn:cts:greekLit:tlg0012.tlg002.perseus-grc2:11.547,3
urn:cite2:beyond-translation.scaife-viewer.org:place.v1:49,urn:cts:greekLit:tlg0012.tlg002.perseus-grc2:10.15,1
urn:cite2:beyond-translation.scaife-viewer.org:place.v1:49,urn:cts:greekLit:tlg0012.tlg002.perseus-grc2:10.40,4
urn:cite2:beyond-translation.scaife-viewer.org:place.v1:49,urn:cts:greekLit:tlg0012.tlg002.perseus-grc2:10.332,2
urn:cite2:beyond-translation.scaife-viewer.org:place.v1:49,urn:cts:greekLit:tlg0012.tlg002.perseus-grc2:8.82,1
urn:cite2:beyond-translation.scaife-viewer.org:place.v1:49,urn:cts:greekLit:tlg0012.tlg002.perseus-grc2:8.220,3
urn:cite2:beyond-translation.scaife-viewer.org:place.v1:49,urn:cts:greekLit:tlg0012.tlg002.perseus-grc2:8.495,5
urn:cite2:beyond-translation.scaife-viewer.org:place.v1:49,urn:cts:greekLit:tlg0012.tlg002.perseus-grc2:8.503,3
urn:cite2:beyond-translation.scaife-viewer.org:place.v1:49,urn:cts:greekLit:tlg0012.tlg002.perseus-grc2:8.504,4
urn:cite2:beyond-translation.scaife-viewer.org:place.v1:49,urn:cts:greekLit:tlg0012.tlg002.perseus-grc2:8.513,2
urn:cite2:beyond-translation.scaife-viewer.org:place.v1:49,urn:cts:greekLit:tlg0012.tlg002.perseus-grc2:8.578,4
urn:cite2:beyond-translation.scaife-viewer.org:place.v1:49,urn:cts:greekLit:tlg0012.tlg002.perseus-grc2:8.581,7
urn:cite2:beyond-translation.scaife-viewer.org:place.v1:49,urn:cts:greekLit:tlg0012.tlg002.perseus-grc2:24.27,3
urn:cite2:beyond-translation.scaife-viewer.org:place.v1:49,urn:cts:greekLit:tlg0012.tlg002.perseus-grc2:24.31,3
urn:cite2:beyond-translation.scaife-viewer.org:place.v1:49,urn:cts:greekLit:tlg0012.tlg002.perseus-grc2:24.37,4
urn:cite2:beyond-translation.scaife-viewer.org:place.v1:49,urn:cts:greekLit:tlg0012.tlg002.perseus-grc2:24.38,2
urn:cite2:beyond-translation.scaife-viewer.org:place.v1:49,urn:cts:greekLit:tlg0012.tlg002.perseus-grc2:24.117,1
urn:cite2:beyond-translation.scaife-viewer.org:place.v1:49,urn:cts:greekLit:tlg0012.tlg002.perseus-grc2:12.189,7
urn:cite2:beyond-translation.scaife-viewer.org:place.v1:49,urn:cts:greekLit:tlg0012.tlg002.perseus-grc2:12.190,2
urn:cite2:beyond-translation.scaife-viewer.org:place.v1:49,urn:cts:greekLit:tlg0012.tlg002.perseus-grc2:14.71,1
urn:cite2:beyond-translation.scaife-viewer.org:place.v1:49,urn:cts:greekLit:tlg0012.tlg002.perseus-grc2:14.71,5
urn:cite2:beyond-translation.scaife-viewer.org:place.v1:49,urn:cts:greekLit:tlg0012.tlg002.perseus-grc2:14.229,4
urn:cite2:beyond-translation.scaife-viewer.org:place.v1:49,urn:cts:greekLit:tlg0012.tlg002.perseus-grc2:14.238,4
urn:cite2:beyond-translation.scaife-viewer.org:place.v1:49,urn:cts:greekLit:tlg0012.tlg002.perseus-grc2:14.241,4
urn:cite2:beyond-translation.scaife-viewer.org:place.v1:49,urn:cts:greekLit:tlg0012.tlg002.perseus-grc2:14.241,5
urn:cite2:beyond-translation.scaife-viewer.org:place.v1:49,urn:cts:greekLit:tlg0012.tlg002.perseus-grc2:14.367,8
urn:cite2:beyond-translation.scaife-viewer.org:place.v1:49,urn:cts:greekLit:tlg0012.tlg002.perseus-grc2:14.469,4
urn:cite2:beyond-translation.scaife-viewer.org:place.v1:49,urn:cts:greekLit:tlg0012.tlg002.perseus-grc2:5.39,6
urn:cite2:beyond-translation.scaife-viewer.org:place.v1:49,urn:cts:greekLit:tlg0012.tlg002.perseus-grc2:5.106,4
urn:cite2:beyond-translation.scaife-viewer.org:place.v1:49,urn:cts:greekLit:tlg0012.tlg002.perseus-grc2:5.106,5
urn:cite2:beyond-translation.scaife-viewer.org:place.v1:49,urn:cts:greekLit:tlg0012.tlg002.perseus-grc2:5.106,6
urn:cite2:beyond-translation.scaife-viewer.org:place.v1:49,urn:cts:greekLit:tlg0012.tlg002.perseus-grc2:5.307,1
urn:cite2:beyond-translation.scaife-viewer.org:place.v1:49,urn:cts:greekLit:tlg0012.tlg002.perseus-grc2:5.310,1
urn:cite2:beyond-translation.scaife-viewer.org:place.v1:49,urn:cts:greekLit:tlg0012.tlg002.perseus-grc2:13.137,6
urn:cite2:beyond-translation.scaife-viewer.org:place.v1:49,urn:cts:greekLit:tlg0012.tlg002.perseus-grc2:13.248,8
urn:cite2:beyond-translation.scaife-viewer.org:place.v1:49,urn:cts:greekLit:tlg0012.tlg002.perseus-grc2:13.263,1
urn:cite2:beyond-translation.scaife-viewer.org:place.v1:49,urn:cts:greekLit:tlg0012.tlg002.perseus-grc2:13.266,3
urn:cite2:beyond-translation.scaife-viewer.org:place.v1:49,urn:cts:greekLit:tlg0012.tlg002.perseus-grc2:13.315,3
urn:cite2:beyond-translation.scaife-viewer.org:place.v1:49,urn:cts:greekLit:tlg0012.tlg002.perseus-grc2:13.316,3
urn:cite2:beyond-translation.scaife-viewer.org:place.v1:49,urn:cts:greekLit:tlg0012.tlg002.perseus-grc2:13.316,4
urn:cite2:beyond-translation.scaife-viewer.org:place.v1:49,urn:cts:greekLit:tlg0012.tlg002.perseus-grc2:13.388,3
urn:cite2:beyond-translation.scaife-viewer.org:place.v1:49,urn:cts:greekLit:tlg0012.tlg002.perseus-grc2:18.252,4
urn:cite2:beyond-translation.scaife-viewer.org:place.v1:49,urn:cts:greekLit:tlg0012.tlg002.perseus-grc2:18.260,2
urn:cite2:beyond-translation.scaife-viewer.org:place.v1:49,urn:cts:greekLit:tlg0012.tlg002.perseus-grc2:18.261,3
urn:cite2:beyond-translation.scaife-viewer.org:place.v1:49,urn:cts:greekLit:tlg0012.tlg002.perseus-grc2:18.266,3
urn:cite2:beyond-translation.scaife-viewer.org:place.v1:49,urn:cts:greekLit:tlg0012.tlg002.perseus-grc2:23.19,3
urn:cite2:beyond-translation.scaife-viewer.org:place.v1:49,urn:cts:greekLit:tlg0012.tlg002.perseus-grc2:22.36,3
urn:cite2:beyond-translation.scaife-viewer.org:place.v1:49,urn:cts:greekLit:tlg0012.tlg002.perseus-grc2:22.228,2
urn:cite2:beyond-translation.scaife-viewer.org:place.v1:49,urn:cts:greekLit:tlg0012.tlg002.perseus-grc2:22.230,6
urn:cite2:beyond-translation.scaife-viewer.org:place.v1:50,urn:cts:greekLit:tlg0012.tlg002.perseus-grc2:8.283,4
urn:cite2:beyond-translation.scaife-viewer.org:place.v1:50,urn:cts:greekLit:tlg0012.tlg002.perseus-grc2:8.294,3
urn:cite2:beyond-translation.scaife-viewer.org:place.v1:50,urn:cts:greekLit:tlg0012.tlg002.perseus-grc2:8.301,4
urn:cite2:beyond-translation.scaife-viewer.org:place.v1:51,urn:cts:greekLit:tlg0012.tlg002.perseus-grc2:17.133,7
urn:cite2:beyond-translation.scaife-viewer.org:place.v1:51,urn:cts:greekLit:tlg0012.tlg002.perseus-grc2:3.169,2
urn:cite2:beyond-translation.scaife-viewer.org:place.v1:51,urn:cts:greekLit:tlg0012.tlg002.perseus-grc2:4.342,7
urn:cite2:beyond-translation.scaife-viewer.org:place.v1:52,urn:cts:greekLit:tlg0012.tlg002.perseus-grc2:3.172,6
urn:cite2:beyond-translation.scaife-viewer.org:place.v1:53,urn:cts:greekLit:tlg0012.tlg002.perseus-grc2:3.171,3
urn:cite2:beyond-translation.scaife-viewer.org:place.v1:54,urn:cts:greekLit:tlg0012.tlg002.perseus-grc2:3.159,2
urn:cite2:beyond-translation.scaife-viewer.org:place.v1:55,urn:cts:greekLit:tlg0012.tlg002.perseus-grc2:17.135,8
urn:cite2:beyond-translation.scaife-viewer.org:place.v1:55,urn:cts:greekLit:tlg0012.tlg002.perseus-grc2:17.413,7
urn:cite2:beyond-translation.scaife-viewer.org:place.v1:55,urn:cts:greekLit:tlg0012.tlg002.perseus-grc2:17.415,9
urn:cite2:beyond-translation.scaife-viewer.org:place.v1:55,urn:cts:greekLit:tlg0012.tlg002.perseus-grc2:17.513,6
urn:cite2:beyond-translation.scaife-viewer.org:place.v1:55,urn:cts:greekLit:tlg0012.tlg002.perseus-grc2:17.596,8
urn:cite2:beyond-translation.scaife-viewer.org:place.v1:55,urn:cts:greekLit:tlg0012.tlg002.perseus-grc2:2.7,5
urn:cite2:beyond-translation.scaife-viewer.org:place.v1:55,urn:cts:greekLit:tlg0012.tlg002.perseus-grc2:2.72,5
urn:cite2:beyond-translation.scaife-viewer.org:place.v1:55,urn:cts:greekLit:tlg0012.tlg002.perseus-grc2:2.87,6
urn:cite2:beyond-translation.scaife-viewer.org:place.v1:55,urn:cts:greekLit:tlg0012.tlg002.perseus-grc2:2.90,7
urn:cite2:beyond-translation.scaife-viewer.org:place.v1:55,urn:cts:greekLit:tlg0012.tlg002.perseus-grc2:2.101,6
urn:cite2:beyond-translation.scaife-viewer.org:place.v1:55,urn:cts:greekLit:tlg0012.tlg002.perseus-grc2:2.106,8
urn:cite2:beyond-translation.scaife-viewer.org:place.v1:55,urn:cts:greekLit:tlg0012.tlg002.perseus-grc2:2.112,7
urn:cite2:beyond-translation.scaife-viewer.org:place.v1:55,urn:cts:greekLit:tlg0012.tlg002.perseus-grc2:2.115,9
urn:cite2:beyond-translation.scaife-viewer.org:place.v1:55,urn:cts:greekLit:tlg0012.tlg002.perseus-grc2:2.119,6
urn:cite2:beyond-translation.scaife-viewer.org:place.v1:55,urn:cts:greekLit:tlg0012.tlg002.perseus-grc2:2.128,5
urn:cite2:beyond-translation.scaife-viewer.org:place.v1:55,urn:cts:greekLit:tlg0012.tlg002.perseus-grc2:2.198,7
urn:cite2:beyond-translation.scaife-viewer.org:place.v1:55,urn:cts:greekLit:tlg0012.tlg002.perseus-grc2:2.204,7
urn:cite2:beyond-translation.scaife-viewer.org:place.v1:55,urn:cts:greekLit:tlg0012.tlg002.perseus-grc2:2.211,8
urn:cite2:beyond-translation.scaife-viewer.org:place.v1:55,urn:cts:greekLit:tlg0012.tlg002.perseus-grc2:2.265,6
urn:cite2:beyond-translation.scaife-viewer.org:place.v1:55,urn:cts:greekLit:tlg0012.tlg002.perseus-grc2:2.306,7
urn:cite2:beyond-translation.scaife-viewer.org:place.v1:55,urn:cts:greekLit:tlg0012.tlg002.perseus-grc2:9.59,7
urn:cite2:beyond-translation.scaife-viewer.org:place.v1:55,urn:cts:greekLit:tlg0012.tlg002.perseus-grc2:9.259,5
urn:cite2:beyond-translation.scaife-viewer.org:place.v1:55,urn:cts:greekLit:tlg0012.tlg002.perseus-grc2:16.76,5
urn:cite2:beyond-translation.scaife-viewer.org:place.v1:55,urn:cts:greekLit:tlg0012.tlg002.perseus-grc2:16.133,8
urn:cite2:beyond-translation.scaife-viewer.org:place.v1:55,urn:cts:greekLit:tlg0012.tlg002.perseus-grc2:16.250,7
urn:cite2:beyond-translation.scaife-viewer.org:place.v1:55,urn:cts:greekLit:tlg0012.tlg002.perseus-grc2:16.376,6
urn:cite2:beyond-translation.scaife-viewer.org:place.v1:55,urn:cts:greekLit:tlg0012.tlg002.perseus-grc2:3.79,6
urn:cite2:beyond-translation.scaife-viewer.org:place.v1:55,urn:cts:greekLit:tlg0012.tlg002.perseus-grc2:3.100,7
urn:cite2:beyond-translation.scaife-viewer.org:place.v1:55,urn:cts:greekLit:tlg0012.tlg002.perseus-grc2:3.104,6
urn:cite2:beyond-translation.scaife-viewer.org:place.v1:55,urn:cts:greekLit:tlg0012.tlg002.perseus-grc2:3.116,7
urn:cite2:beyond-translation.scaife-viewer.org:place.v1:55,urn:cts:greekLit:tlg0012.tlg002.perseus-grc2:3.131,8
urn:cite2:beyond-translation.scaife-viewer.org:place.v1:55,urn:cts:greekLit:tlg0012.tlg002.perseus-grc2:3.133,1
urn:cite2:beyond-translation.scaife-viewer.org:place.v1:55,urn:cts:greekLit:tlg0012.tlg002.perseus-grc2:3.137,7
urn:cite2:beyond-translation.scaife-viewer.org:place.v1:55,urn:cts:greekLit:tlg0012.tlg002.perseus-grc2:3.139,6
urn:cite2:beyond-translation.scaife-viewer.org:place.v1:55,urn:cts:greekLit:tlg0012.tlg002.perseus-grc2:3.141,7
urn:cite2:beyond-translation.scaife-viewer.org:place.v1:55,urn:cts:greekLit:tlg0012.tlg002.perseus-grc2:3.149,6
urn:cite2:beyond-translation.scaife-viewer.org:place.v1:55,urn:cts:greekLit:tlg0012.tlg002.perseus-grc2:3.185,5
urn:cite2:beyond-translation.scaife-viewer.org:place.v1:55,urn:cts:greekLit:tlg0012.tlg002.perseus-grc2:3.202,6
urn:cite2:beyond-translation.scaife-viewer.org:place.v1:55,urn:cts:greekLit:tlg0012.tlg002.perseus-grc2:3.203,8
urn:cite2:beyond-translation.scaife-viewer.org:place.v1:55,urn:cts:greekLit:tlg0012.tlg002.perseus-grc2:3.217,9
urn:cite2:beyond-translation.scaife-viewer.org:place.v1:55,urn:cts:greekLit:tlg0012.tlg002.perseus-grc2:3.220,7
urn:cite2:beyond-translation.scaife-viewer.org:place.v1:55,urn:cts:greekLit:tlg0012.tlg002.perseus-grc2:3.251,5
urn:cite2:beyond-translation.scaife-viewer.org:place.v1:55,urn:cts:greekLit:tlg0012.tlg002.perseus-grc2:3.261,2
urn:cite2:beyond-translation.scaife-viewer.org:place.v1:55,urn:cts:greekLit:tlg0012.tlg002.perseus-grc2:3.411,7
urn:cite2:beyond-translation.scaife-viewer.org:place.v1:55,urn:cts:greekLit:tlg0012.tlg002.perseus-grc2:15.153,6
urn:cite2:beyond-translation.scaife-viewer.org:place.v1:55,urn:cts:greekLit:tlg0012.tlg002.perseus-grc2:15.274,7
urn:cite2:beyond-translation.scaife-viewer.org:place.v1:55,urn:cts:greekLit:tlg0012.tlg002.perseus-grc2:4.106,5
urn:cite2:beyond-translation.scaife-viewer.org:place.v1:55,urn:cts:greekLit:tlg0012.tlg002.perseus-grc2:4.145,7
urn:cite2:beyond-translation.scaife-viewer.org:place.v1:55,urn:cts:greekLit:tlg0012.tlg002.perseus-grc2:4.243,7
urn:cite2:beyond-translation.scaife-viewer.org:place.v1:55,urn:cts:greekLit:tlg0012.tlg002.perseus-grc2:4.248,8
urn:cite2:beyond-translation.scaife-viewer.org:place.v1:55,urn:cts:greekLit:tlg0012.tlg002.perseus-grc2:4.256,8
urn:cite2:beyond-translation.scaife-viewer.org:place.v1:55,urn:cts:greekLit:tlg0012.tlg002.perseus-grc2:4.285,8
urn:cite2:beyond-translation.scaife-viewer.org:place.v1:55,urn:cts:greekLit:tlg0012.tlg002.perseus-grc2:4.288,6
urn:cite2:beyond-translation.scaife-viewer.org:place.v1:55,urn:cts:greekLit:tlg0012.tlg002.perseus-grc2:4.330,7
urn:cite2:beyond-translation.scaife-viewer.org:place.v1:55,urn:cts:greekLit:tlg0012.tlg002.perseus-grc2:4.344,8
urn:cite2:beyond-translation.scaife-viewer.org:place.v1:55,urn:cts:greekLit:tlg0012.tlg002.perseus-grc2:4.487,7
urn:cite2:beyond-translation.scaife-viewer.org:place.v1:55,urn:cts:greekLit:tlg0012.tlg002.perseus-grc2:4.496,6
urn:cite2:beyond-translation.scaife-viewer.org:place.v1:55,urn:cts:greekLit:tlg0012.tlg002.perseus-grc2:4.847,7
urn:cite2:beyond-translation.scaife-viewer.org:place.v1:55,urn:cts:greekLit:tlg0012.tlg002.perseus-grc2:1.90,6
urn:cite2:beyond-translation.scaife-viewer.org:place.v1:55,urn:cts:greekLit:tlg0012.tlg002.perseus-grc2:1.239,7
urn:cite2:beyond-translation.scaife-viewer.org:place.v1:55,urn:cts:greekLit:tlg0012.tlg002.perseus-grc2:1.272,6
urn:cite2:beyond-translation.scaife-viewer.org:place.v1:55,urn:cts:greekLit:tlg0012.tlg002.perseus-grc2:1.286,5
urn:cite2:beyond-translation.scaife-viewer.org:place.v1:55,urn:cts:greekLit:tlg0012.tlg002.perseus-grc2:1.326,5
urn:cite2:beyond-translation.scaife-viewer.org:place.v1:55,urn:cts:greekLit:tlg0012.tlg002.perseus-grc2:1.350,5
urn:cite2:beyond-translation.scaife-viewer.org:place.v1:55,urn:cts:greekLit:tlg0012.tlg002.perseus-grc2:1.394,5
urn:cite2:beyond-translation.scaife-viewer.org:place.v1:55,urn:cts:greekLit:tlg0012.tlg002.perseus-grc2:1.401,7
urn:cite2:beyond-translation.scaife-viewer.org:place.v1:55,urn:cts:greekLit:tlg0012.tlg002.perseus-grc2:19.146,6
urn:cite2:beyond-translation.scaife-viewer.org:place.v1:55,urn:cts:greekLit:tlg0012.tlg002.perseus-grc2:19.151,8
urn:cite2:beyond-translation.scaife-viewer.org:place.v1:55,urn:cts:greekLit:tlg0012.tlg002.perseus-grc2:19.175,8
urn:cite2:beyond-translation.scaife-viewer.org:place.v1:55,urn:cts:greekLit:tlg0012.tlg002.perseus-grc2:19.199,7
urn:cite2:beyond-translation.scaife-viewer.org:place.v1:55,urn:cts:greekLit:tlg0012.tlg002.perseus-grc2:19.240,5
urn:cite2:beyond-translation.scaife-viewer.org:place.v1:55,urn:cts:greekLit:tlg0012.tlg002.perseus-grc2:19.528,5
urn:cite2:beyond-translation.scaife-viewer.org:place.v1:55,urn:cts:greekLit:tlg0012.tlg002.perseus-grc2:19.534,6
urn:cite2:beyond-translation.scaife-viewer.org:place.v1:55,urn:cts:greekLit:tlg0012.tlg002.perseus-grc2:19.542,6
urn:cite2:beyond-translation.scaife-viewer.org:place.v1:55,urn:cts:greekLit:tlg0012.tlg002.perseus-grc2:20.3,6
urn:cite2:beyond-translation.scaife-viewer.org:place.v1:55,urn:cts:greekLit:tlg0012.tlg002.perseus-grc2:20.146,8
urn:cite2:beyond-translation.scaife-viewer.org:place.v1:55,urn:cts:greekLit:tlg0012.tlg002.perseus-grc2:20.160,5
urn:cite2:beyond-translation.scaife-viewer.org:place.v1:55,urn:cts:greekLit:tlg0012.tlg002.perseus-grc2:20.166,7
urn:cite2:beyond-translation.scaife-viewer.org:place.v1:55,urn:cts:greekLit:tlg0012.tlg002.perseus-grc2:20.182,7
urn:cite2:beyond-translation.scaife-viewer.org:place.v1:55,urn:cts:greekLit:tlg0012.tlg002.perseus-grc2:20.271,7
urn:cite2:beyond-translation.scaife-viewer.org:place.v1:55,urn:cts:greekLit:tlg0012.tlg002.perseus-grc2:20.277,7
urn:cite2:beyond-translation.scaife-viewer.org:place.v1:55,urn:cts:greekLit:tlg0012.tlg002.perseus-grc2:21.107,7
urn:cite2:beyond-translation.scaife-viewer.org:place.v1:55,urn:cts:greekLit:tlg0012.tlg002.perseus-grc2:21.160,5
urn:cite2:beyond-translation.scaife-viewer.org:place.v1:55,urn:cts:greekLit:tlg0012.tlg002.perseus-grc2:21.251,5
urn:cite2:beyond-translation.scaife-viewer.org:place.v1:55,urn:cts:greekLit:tlg0012.tlg002.perseus-grc2:21.324,7
urn:cite2:beyond-translation.scaife-viewer.org:place.v1:55,urn:cts:greekLit:tlg0012.tlg002.perseus-grc2:21.344,5
urn:cite2:beyond-translation.scaife-viewer.org:place.v1:55,urn:cts:greekLit:tlg0012.tlg002.perseus-grc2:21.418,5
urn:cite2:beyond-translation.scaife-viewer.org:place.v1:55,urn:cts:greekLit:tlg0012.tlg002.perseus-grc2:21.428,6
urn:cite2:beyond-translation.scaife-viewer.org:place.v1:55,urn:cts:greekLit:tlg0012.tlg002.perseus-grc2:11.166,6
urn:cite2:beyond-translation.scaife-viewer.org:place.v1:55,urn:cts:greekLit:tlg0012.tlg002.perseus-grc2:11.179,5
urn:cite2:beyond-translation.scaife-viewer.org:place.v1:55,urn:cts:greekLit:tlg0012.tlg002.perseus-grc2:11.478,7
urn:cite2:beyond-translation.scaife-viewer.org:place.v1:55,urn:cts:greekLit:tlg0012.tlg002.perseus-grc2:11.481,6
urn:cite2:beyond-translation.scaife-viewer.org:place.v1:55,urn:cts:greekLit:tlg0012.tlg002.perseus-grc2:11.509,6
urn:cite2:beyond-translation.scaife-viewer.org:place.v1:55,urn:cts:greekLit:tlg0012.tlg002.perseus-grc2:11.556,8
urn:cite2:beyond-translation.scaife-viewer.org:place.v1:55,urn:cts:greekLit:tlg0012.tlg002.perseus-grc2:10.15,7
urn:cite2:beyond-translation.scaife-viewer.org:place.v1:55,urn:cts:greekLit:tlg0012.tlg002.perseus-grc2:8.78,6
urn:cite2:beyond-translation.scaife-viewer.org:place.v1:55,urn:cts:greekLit:tlg0012.tlg002.perseus-grc2:8.220,6
urn:cite2:beyond-translation.scaife-viewer.org:place.v1:55,urn:cts:greekLit:tlg0012.tlg002.perseus-grc2:8.489,5
urn:cite2:beyond-translation.scaife-viewer.org:place.v1:55,urn:cts:greekLit:tlg0012.tlg002.perseus-grc2:8.490,9
urn:cite2:beyond-translation.scaife-viewer.org:place.v1:55,urn:cts:greekLit:tlg0012.tlg002.perseus-grc2:8.514,7
urn:cite2:beyond-translation.scaife-viewer.org:place.v1:55,urn:cts:greekLit:tlg0012.tlg002.perseus-grc2:24.27,7
urn:cite2:beyond-translation.scaife-viewer.org:place.v1:55,urn:cts:greekLit:tlg0012.tlg002.perseus-grc2:24.32,7
urn:cite2:beyond-translation.scaife-viewer.org:place.v1:55,urn:cts:greekLit:tlg0012.tlg002.perseus-grc2:24.38,4
urn:cite2:beyond-translation.scaife-viewer.org:place.v1:55,urn:cts:greekLit:tlg0012.tlg002.perseus-grc2:24.49,7
urn:cite2:beyond-translation.scaife-viewer.org:place.v1:55,urn:cts:greekLit:tlg0012.tlg002.perseus-grc2:24.54,6
urn:cite2:beyond-translation.scaife-viewer.org:place.v1:55,urn:cts:greekLit:tlg0012.tlg002.perseus-grc2:24.57,8
urn:cite2:beyond-translation.scaife-viewer.org:place.v1:55,urn:cts:greekLit:tlg0012.tlg002.perseus-grc2:24.68,7
urn:cite2:beyond-translation.scaife-viewer.org:place.v1:55,urn:cts:greekLit:tlg0012.tlg002.perseus-grc2:24.86,6
urn:cite2:beyond-translation.scaife-viewer.org:place.v1:55,urn:cts:greekLit:tlg0012.tlg002.perseus-grc2:24.136,6
urn:cite2:beyond-translation.scaife-viewer.org:place.v1:55,urn:cts:greekLit:tlg0012.tlg002.perseus-grc2:24.141,8
urn:cite2:beyond-translation.scaife-viewer.org:place.v1:55,urn:cts:greekLit:tlg0012.tlg002.perseus-grc2:24.426,9
urn:cite2:beyond-translation.scaife-viewer.org:place.v1:55,urn:cts:greekLit:tlg0012.tlg002.perseus-grc2:24.438,9
urn:cite2:beyond-translation.scaife-viewer.org:place.v1:55,urn:cts:greekLit:tlg0012.tlg002.perseus-grc2:12.184,8
urn:cite2:beyond-translation.scaife-viewer.org:place.v1:55,urn:cts:greekLit:tlg0012.tlg002.perseus-grc2:14.229,7
urn:cite2:beyond-translation.scaife-viewer.org:place.v1:55,urn:cts:greekLit:tlg0012.tlg002.perseus-grc2:14.240,6
urn:cite2:beyond-translation.scaife-viewer.org:place.v1:55,urn:cts:greekLit:tlg0012.tlg002.perseus-grc2:14.242,7
urn:cite2:beyond-translation.scaife-viewer.org:place.v1:55,urn:cts:greekLit:tlg0012.tlg002.perseus-grc2:14.369,7
urn:cite2:beyond-translation.scaife-viewer.org:place.v1:55,urn:cts:greekLit:tlg0012.tlg002.perseus-grc2:14.493,6
urn:cite2:beyond-translation.scaife-viewer.org:place.v1:55,urn:cts:greekLit:tlg0012.tlg002.perseus-grc2:5.311,9
urn:cite2:beyond-translation.scaife-viewer.org:place.v1:55,urn:cts:greekLit:tlg0012.tlg002.perseus-grc2:13.249,5
urn:cite2:beyond-translation.scaife-viewer.org:place.v1:55,urn:cts:greekLit:tlg0012.tlg002.perseus-grc2:13.315,6
urn:cite2:beyond-translation.scaife-viewer.org:place.v1:55,urn:cts:greekLit:tlg0012.tlg002.perseus-grc2:13.317,8
urn:cite2:beyond-translation.scaife-viewer.org:place.v1:55,urn:cts:greekLit:tlg0012.tlg002.perseus-grc2:18.62,8
urn:cite2:beyond-translation.scaife-viewer.org:place.v1:55,urn:cts:greekLit:tlg0012.tlg002.perseus-grc2:18.94,7
urn:cite2:beyond-translation.scaife-viewer.org:place.v1:55,urn:cts:greekLit:tlg0012.tlg002.perseus-grc2:18.191,7
urn:cite2:beyond-translation.scaife-viewer.org:place.v1:55,urn:cts:greekLit:tlg0012.tlg002.perseus-grc2:18.205,6
urn:cite2:beyond-translation.scaife-viewer.org:place.v1:55,urn:cts:greekLit:tlg0012.tlg002.perseus-grc2:18.246,8
urn:cite2:beyond-translation.scaife-viewer.org:place.v1:55,urn:cts:greekLit:tlg0012.tlg002.perseus-grc2:18.259,7
urn:cite2:beyond-translation.scaife-viewer.org:place.v1:55,urn:cts:greekLit:tlg0012.tlg002.perseus-grc2:18.286,6
urn:cite2:beyond-translation.scaife-viewer.org:place.v1:55,urn:cts:greekLit:tlg0012.tlg002.perseus-grc2:18.289,6
urn:cite2:beyond-translation.scaife-viewer.org:place.v1:55,urn:cts:greekLit:tlg0012.tlg002.perseus-grc2:18.301,6
urn:cite2:beyond-translation.scaife-viewer.org:place.v1:55,urn:cts:greekLit:tlg0012.tlg002.perseus-grc2:23.68,4
urn:cite2:beyond-translation.scaife-viewer.org:place.v1:55,urn:cts:greekLit:tlg0012.tlg002.perseus-grc2:23.220,8
urn:cite2:beyond-translation.scaife-viewer.org:place.v1:55,urn:cts:greekLit:tlg0012.tlg002.perseus-grc2:23.357,8
urn:cite2:beyond-translation.scaife-viewer.org:place.v1:55,urn:cts:greekLit:tlg0012.tlg002.perseus-grc2:22.46,7
urn:cite2:beyond-translation.scaife-viewer.org:place.v1:55,urn:cts:greekLit:tlg0012.tlg002.perseus-grc2:22.96,9
urn:cite2:beyond-translation.scaife-viewer.org:place.v1:56,urn:cts:greekLit:tlg0012.tlg002.perseus-grc2:3.489,4
urn:cite2:beyond-translation.scaife-viewer.org:place.v1:56,urn:cts:greekLit:tlg0012.tlg002.perseus-grc2:15.187,4
urn:cite2:beyond-translation.scaife-viewer.org:place.v1:57,urn:cts:greekLit:tlg0012.tlg002.perseus-grc2:17.118,3
urn:cite2:beyond-translation.scaife-viewer.org:place.v1:57,urn:cts:greekLit:tlg0012.tlg002.perseus-grc2:17.119,1
urn:cite2:beyond-translation.scaife-viewer.org:place.v1:57,urn:cts:greekLit:tlg0012.tlg002.perseus-grc2:2.173,1
urn:cite2:beyond-translation.scaife-viewer.org:place.v1:57,urn:cts:greekLit:tlg0012.tlg002.perseus-grc2:3.129,2
urn:cite2:beyond-translation.scaife-viewer.org:place.v1:57,urn:cts:greekLit:tlg0012.tlg002.perseus-grc2:3.180,6
urn:cite2:beyond-translation.scaife-viewer.org:place.v1:57,urn:cts:greekLit:tlg0012.tlg002.perseus-grc2:3.251,3
urn:cite2:beyond-translation.scaife-viewer.org:place.v1:57,urn:cts:greekLit:tlg0012.tlg002.perseus-grc2:3.263,6
urn:cite2:beyond-translation.scaife-viewer.org:place.v1:57,urn:cts:greekLit:tlg0012.tlg002.perseus-grc2:3.309,8
urn:cite2:beyond-translation.scaife-viewer.org:place.v1:57,urn:cts:greekLit:tlg0012.tlg002.perseus-grc2:3.379,7
urn:cite2:beyond-translation.scaife-viewer.org:place.v1:57,urn:cts:greekLit:tlg0012.tlg002.perseus-grc2:15.80,9
urn:cite2:beyond-translation.scaife-viewer.org:place.v1:57,urn:cts:greekLit:tlg0012.tlg002.perseus-grc2:15.224,4
urn:cite2:beyond-translation.scaife-viewer.org:place.v1:57,urn:cts:greekLit:tlg0012.tlg002.perseus-grc2:15.239,1
urn:cite2:beyond-translation.scaife-viewer.org:place.v1:57,urn:cts:greekLit:tlg0012.tlg002.perseus-grc2:15.240,4
urn:cite2:beyond-translation.scaife-viewer.org:place.v1:57,urn:cts:greekLit:tlg0012.tlg002.perseus-grc2:15.274,1
urn:cite2:beyond-translation.scaife-viewer.org:place.v1:57,urn:cts:greekLit:tlg0012.tlg002.perseus-grc2:4.99,5
urn:cite2:beyond-translation.scaife-viewer.org:place.v1:57,urn:cts:greekLit:tlg0012.tlg002.perseus-grc2:4.172,1
urn:cite2:beyond-translation.scaife-viewer.org:place.v1:57,urn:cts:greekLit:tlg0012.tlg002.perseus-grc2:4.174,4
urn:cite2:beyond-translation.scaife-viewer.org:place.v1:57,urn:cts:greekLit:tlg0012.tlg002.perseus-grc2:4.184,3
urn:cite2:beyond-translation.scaife-viewer.org:place.v1:57,urn:cts:greekLit:tlg0012.tlg002.perseus-grc2:4.200,1
urn:cite2:beyond-translation.scaife-viewer.org:place.v1:57,urn:cts:greekLit:tlg0012.tlg002.perseus-grc2:4.258,3
urn:cite2:beyond-translation.scaife-viewer.org:place.v1:57,urn:cts:greekLit:tlg0012.tlg002.perseus-grc2:4.273,1
urn:cite2:beyond-translation.scaife-viewer.org:place.v1:57,urn:cts:greekLit:tlg0012.tlg002.perseus-grc2:4.278,4
urn:cite2:beyond-translation.scaife-viewer.org:place.v1:57,urn:cts:greekLit:tlg0012.tlg002.perseus-grc2:4.279,2
urn:cite2:beyond-translation.scaife-viewer.org:place.v1:57,urn:cts:greekLit:tlg0012.tlg002.perseus-grc2:4.296,3
urn:cite2:beyond-translation.scaife-viewer.org:place.v1:57,urn:cts:greekLit:tlg0012.tlg002.perseus-grc2:4.562,1
urn:cite2:beyond-translation.scaife-viewer.org:place.v1:57,urn:cts:greekLit:tlg0012.tlg002.perseus-grc2:4.725,5
urn:cite2:beyond-translation.scaife-viewer.org:place.v1:57,urn:cts:greekLit:tlg0012.tlg002.perseus-grc2:4.726,9
urn:cite2:beyond-translation.scaife-viewer.org:place.v1:57,urn:cts:greekLit:tlg0012.tlg002.perseus-grc2:4.815,5
urn:cite2:beyond-translation.scaife-viewer.org:place.v1:57,urn:cts:greekLit:tlg0012.tlg002.perseus-grc2:4.816,9
urn:cite2:beyond-translation.scaife-viewer.org:place.v1:57,urn:cts:greekLit:tlg0012.tlg002.perseus-grc2:1.61,1
urn:cite2:beyond-translation.scaife-viewer.org:place.v1:57,urn:cts:greekLit:tlg0012.tlg002.perseus-grc2:1.211,1
urn:cite2:beyond-translation.scaife-viewer.org:place.v1:57,urn:cts:greekLit:tlg0012.tlg002.perseus-grc2:1.344,9
urn:cite2:beyond-translation.scaife-viewer.org:place.v1:57,urn:cts:greekLit:tlg0012.tlg002.perseus-grc2:19.126,1
urn:cite2:beyond-translation.scaife-viewer.org:place.v1:57,urn:cts:greekLit:tlg0012.tlg002.perseus-grc2:21.108,5
urn:cite2:beyond-translation.scaife-viewer.org:place.v1:57,urn:cts:greekLit:tlg0012.tlg002.perseus-grc2:11.369,3
urn:cite2:beyond-translation.scaife-viewer.org:place.v1:57,urn:cts:greekLit:tlg0012.tlg002.perseus-grc2:11.470,3
urn:cite2:beyond-translation.scaife-viewer.org:place.v1:57,urn:cts:greekLit:tlg0012.tlg002.perseus-grc2:11.485,1
urn:cite2:beyond-translation.scaife-viewer.org:place.v1:57,urn:cts:greekLit:tlg0012.tlg002.perseus-grc2:11.500,5
urn:cite2:beyond-translation.scaife-viewer.org:place.v1:57,urn:cts:greekLit:tlg0012.tlg002.perseus-grc2:11.518,5
urn:cite2:beyond-translation.scaife-viewer.org:place.v1:57,urn:cts:greekLit:tlg0012.tlg002.perseus-grc2:11.524,1
urn:cite2:beyond-translation.scaife-viewer.org:place.v1:57,urn:cts:greekLit:tlg0012.tlg002.perseus-grc2:11.526,3
urn:cite2:beyond-translation.scaife-viewer.org:place.v1:57,urn:cts:greekLit:tlg0012.tlg002.perseus-grc2:11.551,3
urn:cite2:beyond-translation.scaife-viewer.org:place.v1:57,urn:cts:greekLit:tlg0012.tlg002.perseus-grc2:11.555,7
urn:cite2:beyond-translation.scaife-viewer.org:place.v1:57,urn:cts:greekLit:tlg0012.tlg002.perseus-grc2:11.559,4
urn:cite2:beyond-translation.scaife-viewer.org:place.v1:57,urn:cts:greekLit:tlg0012.tlg002.perseus-grc2:10.15,2
urn:cite2:beyond-translation.scaife-viewer.org:place.v1:57,urn:cts:greekLit:tlg0012.tlg002.perseus-grc2:8.82,4
urn:cite2:beyond-translation.scaife-viewer.org:place.v1:57,urn:cts:greekLit:tlg0012.tlg002.perseus-grc2:8.502,1
urn:cite2:beyond-translation.scaife-viewer.org:place.v1:57,urn:cts:greekLit:tlg0012.tlg002.perseus-grc2:8.513,1
urn:cite2:beyond-translation.scaife-viewer.org:place.v1:57,urn:cts:greekLit:tlg0012.tlg002.perseus-grc2:8.578,1
urn:cite2:beyond-translation.scaife-viewer.org:place.v1:57,urn:cts:greekLit:tlg0012.tlg002.perseus-grc2:8.578,2
urn:cite2:beyond-translation.scaife-viewer.org:place.v1:57,urn:cts:greekLit:tlg0012.tlg002.perseus-grc2:24.18,3
urn:cite2:beyond-translation.scaife-viewer.org:place.v1:57,urn:cts:greekLit:tlg0012.tlg002.perseus-grc2:24.37,6
urn:cite2:beyond-translation.scaife-viewer.org:place.v1:57,urn:cts:greekLit:tlg0012.tlg002.perseus-grc2:24.46,4
urn:cite2:beyond-translation.scaife-viewer.org:place.v1:57,urn:cts:greekLit:tlg0012.tlg002.perseus-grc2:24.54,2
urn:cite2:beyond-translation.scaife-viewer.org:place.v1:57,urn:cts:greekLit:tlg0012.tlg002.perseus-grc2:24.62,1
urn:cite2:beyond-translation.scaife-viewer.org:place.v1:57,urn:cts:greekLit:tlg0012.tlg002.perseus-grc2:24.81,2
urn:cite2:beyond-translation.scaife-viewer.org:place.v1:57,urn:cts:greekLit:tlg0012.tlg002.perseus-grc2:12.190,1
urn:cite2:beyond-translation.scaife-viewer.org:place.v1:57,urn:cts:greekLit:tlg0012.tlg002.perseus-grc2:5.306,3
urn:cite2:beyond-translation.scaife-viewer.org:place.v1:57,urn:cts:greekLit:tlg0012.tlg002.perseus-grc2:18.246,7
urn:cite2:beyond-translation.scaife-viewer.org:place.v1:57,urn:cts:greekLit:tlg0012.tlg002.perseus-grc2:18.253,1
urn:cite2:beyond-translation.scaife-viewer.org:place.v1:57,urn:cts:greekLit:tlg0012.tlg002.perseus-grc2:23.218,3
urn:cite2:beyond-translation.scaife-viewer.org:place.v1:58,urn:cts:greekLit:tlg0012.tlg002.perseus-grc2:15.298,3
urn:cite2:beyond-translation.scaife-viewer.org:place.v1:58,urn:cts:greekLit:tlg0012.tlg002.perseus-grc2:4.635,1
urn:cite2:beyond-translation.scaife-viewer.org:place.v1:58,urn:cts:greekLit:tlg0012.tlg002.perseus-grc2:21.347,5
urn:cite2:beyond-translation.scaife-viewer.org:place.v1:58,urn:cts:greekLit:tlg0012.tlg002.perseus-grc2:24.431,4
urn:cite2:beyond-translation.scaife-viewer.org:place.v1:58,urn:cts:greekLit:tlg0012.tlg002.perseus-grc2:13.275,3
urn:cite2:beyond-translation.scaife-viewer.org:place.v1:59,urn:cts:greekLit:tlg0012.tlg002.perseus-grc2:6.103,6
urn:cite2:beyond-translation.scaife-viewer.org:place.v1:60,urn:cts:greekLit:tlg0012.tlg002.perseus-grc2:3.177,6
urn:cite2:beyond-translation.scaife-viewer.org:place.v1:61,urn:cts:greekLit:tlg0012.tlg002.perseus-grc2:3.68,5
urn:cite2:beyond-translation.scaife-viewer.org:place.v1:61,urn:cts:greekLit:tlg0012.tlg002.perseus-grc2:3.102,5
urn:cite2:beyond-translation.scaife-viewer.org:place.v1:61,urn:cts:greekLit:tlg0012.tlg002.perseus-grc2:3.210,5
urn:cite2:beyond-translation.scaife-viewer.org:place.v1:61,urn:cts:greekLit:tlg0012.tlg002.perseus-grc2:3.253,5
urn:cite2:beyond-translation.scaife-viewer.org:place.v1:61,urn:cts:greekLit:tlg0012.tlg002.perseus-grc2:3.386,4
urn:cite2:beyond-translation.scaife-viewer.org:place.v1:61,urn:cts:greekLit:tlg0012.tlg002.perseus-grc2:3.397,5
urn:cite2:beyond-translation.scaife-viewer.org:place.v1:61,urn:cts:greekLit:tlg0012.tlg002.perseus-grc2:3.405,5
urn:cite2:beyond-translation.scaife-viewer.org:place.v1:61,urn:cts:greekLit:tlg0012.tlg002.perseus-grc2:3.411,5
urn:cite2:beyond-translation.scaife-viewer.org:place.v1:61,urn:cts:greekLit:tlg0012.tlg002.perseus-grc2:3.417,5
urn:cite2:beyond-translation.scaife-viewer.org:place.v1:61,urn:cts:greekLit:tlg0012.tlg002.perseus-grc2:3.474,5
urn:cite2:beyond-translation.scaife-viewer.org:place.v1:61,urn:cts:greekLit:tlg0012.tlg002.perseus-grc2:4.161,4
urn:cite2:beyond-translation.scaife-viewer.org:place.v1:62,urn:cts:greekLit:tlg0012.tlg002.perseus-grc2:24.1,4
urn:cite2:beyond-translation.scaife-viewer.org:place.v1:63,urn:cts:greekLit:tlg0012.tlg002.perseus-grc2:9.81,6
urn:cite2:beyond-translation.scaife-viewer.org:place.v1:63,urn:cts:greekLit:tlg0012.tlg002.perseus-grc2:8.288,4
urn:cite2:beyond-translation.scaife-viewer.org:place.v1:64,urn:cts:greekLit:tlg0012.tlg002.perseus-grc2:17.121,4
urn:cite2:beyond-translation.scaife-viewer.org:place.v1:64,urn:cts:greekLit:tlg0012.tlg002.perseus-grc2:3.326,2
urn:cite2:beyond-translation.scaife-viewer.org:place.v1:64,urn:cts:greekLit:tlg0012.tlg002.perseus-grc2:15.1,5
urn:cite2:beyond-translation.scaife-viewer.org:place.v1:64,urn:cts:greekLit:tlg0012.tlg002.perseus-grc2:4.1,5
urn:cite2:beyond-translation.scaife-viewer.org:place.v1:64,urn:cts:greekLit:tlg0012.tlg002.perseus-grc2:4.313,2
urn:cite2:beyond-translation.scaife-viewer.org:place.v1:64,urn:cts:greekLit:tlg0012.tlg002.perseus-grc2:4.702,6
urn:cite2:beyond-translation.scaife-viewer.org:place.v1:64,urn:cts:greekLit:tlg0012.tlg002.perseus-grc2:21.13,5
urn:cite2:beyond-translation.scaife-viewer.org:place.v1:64,urn:cts:greekLit:tlg0012.tlg002.perseus-grc2:5.20,6
urn:cite2:beyond-translation.scaife-viewer.org:place.v1:64,urn:cts:greekLit:tlg0012.tlg002.perseus-grc2:13.414,5
urn:cite2:beyond-translation.scaife-viewer.org:place.v1:64,urn:cts:greekLit:tlg0012.tlg002.perseus-grc2:13.440,2
urn:cite2:beyond-translation.scaife-viewer.org:place.v1:65,urn:cts:greekLit:tlg0012.tlg002.perseus-grc2:21.297,2
urn:cite2:beyond-translation.scaife-viewer.org:place.v1:66,urn:cts:greekLit:tlg0012.tlg002.perseus-grc2:4.514,6
urn:cite2:beyond-translation.scaife-viewer.org:place.v1:67,urn:cts:greekLit:tlg0012.tlg002.perseus-grc2:9.80,7
urn:cite2:beyond-translation.scaife-viewer.org:place.v1:67,urn:cts:greekLit:tlg0012.tlg002.perseus-grc2:3.287,4
urn:cite2:beyond-translation.scaife-viewer.org:place.v1:67,urn:cts:greekLit:tlg0012.tlg002.perseus-grc2:19.187,4
urn:cite2:beyond-translation.scaife-viewer.org:place.v1:68,urn:cts:greekLit:tlg0012.tlg002.perseus-grc2:21.15,4
urn:cite2:beyond-translation.scaife-viewer.org:place.v1:68,urn:cts:greekLit:tlg0012.tlg002.perseus-grc2:21.18,5
urn:cite2:beyond-translation.scaife-viewer.org:place.v1:69,urn:cts:greekLit:tlg0012.tlg002.perseus-grc2:3.305,5
urn:cite2:beyond-translation.scaife-viewer.org:place.v1:69,urn:cts:greekLit:tlg0012.tlg002.perseus-grc2:21.108,7
urn:cite2:beyond-translation.scaife-viewer.org:place.v1:70,urn:cts:greekLit:tlg0012.tlg002.perseus-grc2:4.74,5
urn:cite2:beyond-translation.scaife-viewer.org:place.v1:71,urn:cts:greekLit:tlg0012.tlg002.perseus-grc2:1.93,8
urn:cite2:beyond-translation.scaife-viewer.org:place.v1:71,urn:cts:greekLit:tlg0012.tlg002.perseus-grc2:1.284,4
urn:cite2:beyond-translation.scaife-viewer.org:place.v1:72,urn:cts:greekLit:tlg0012.tlg002.perseus-grc2:17.42,6
urn:cite2:beyond-translation.scaife-viewer.org:place.v1:72,urn:cts:greekLit:tlg0012.tlg002.perseus-grc2:17.109,4
urn:cite2:beyond-translation.scaife-viewer.org:place.v1:72,urn:cts:greekLit:tlg0012.tlg002.perseus-grc2:2.214,8
urn:cite2:beyond-translation.scaife-viewer.org:place.v1:72,urn:cts:greekLit:tlg0012.tlg002.perseus-grc2:2.308,2
urn:cite2:beyond-translation.scaife-viewer.org:place.v1:72,urn:cts:greekLit:tlg0012.tlg002.perseus-grc2:2.317,2
urn:cite2:beyond-translation.scaife-viewer.org:place.v1:72,urn:cts:greekLit:tlg0012.tlg002.perseus-grc2:2.326,4
urn:cite2:beyond-translation.scaife-viewer.org:place.v1:72,urn:cts:greekLit:tlg0012.tlg002.perseus-grc2:2.359,8
urn:cite2:beyond-translation.scaife-viewer.org:place.v1:72,urn:cts:greekLit:tlg0012.tlg002.perseus-grc2:16.24,6
urn:cite2:beyond-translation.scaife-viewer.org:place.v1:72,urn:cts:greekLit:tlg0012.tlg002.perseus-grc2:16.131,8
urn:cite2:beyond-translation.scaife-viewer.org:place.v1:72,urn:cts:greekLit:tlg0012.tlg002.perseus-grc2:16.142,9
urn:cite2:beyond-translation.scaife-viewer.org:place.v1:72,urn:cts:greekLit:tlg0012.tlg002.perseus-grc2:16.323,4
urn:cite2:beyond-translation.scaife-viewer.org:place.v1:72,urn:cts:greekLit:tlg0012.tlg002.perseus-grc2:3.4,3
urn:cite2:beyond-translation.scaife-viewer.org:place.v1:72,urn:cts:greekLit:tlg0012.tlg002.perseus-grc2:3.31,4
urn:cite2:beyond-translation.scaife-viewer.org:place.v1:72,urn:cts:greekLit:tlg0012.tlg002.perseus-grc2:3.59,2
urn:cite2:beyond-translation.scaife-viewer.org:place.v1:72,urn:cts:greekLit:tlg0012.tlg002.perseus-grc2:3.182,5
urn:cite2:beyond-translation.scaife-viewer.org:place.v1:72,urn:cts:greekLit:tlg0012.tlg002.perseus-grc2:3.485,5
urn:cite2:beyond-translation.scaife-viewer.org:place.v1:72,urn:cts:greekLit:tlg0012.tlg002.perseus-grc2:15.42,7
urn:cite2:beyond-translation.scaife-viewer.org:place.v1:72,urn:cts:greekLit:tlg0012.tlg002.perseus-grc2:15.193,5
urn:cite2:beyond-translation.scaife-viewer.org:place.v1:72,urn:cts:greekLit:tlg0012.tlg002.perseus-grc2:15.216,2
urn:cite2:beyond-translation.scaife-viewer.org:place.v1:72,urn:cts:greekLit:tlg0012.tlg002.perseus-grc2:15.226,6
urn:cite2:beyond-translation.scaife-viewer.org:place.v1:72,urn:cts:greekLit:tlg0012.tlg002.perseus-grc2:15.227,2
urn:cite2:beyond-translation.scaife-viewer.org:place.v1:72,urn:cts:greekLit:tlg0012.tlg002.perseus-grc2:15.236,2
urn:cite2:beyond-translation.scaife-viewer.org:place.v1:72,urn:cts:greekLit:tlg0012.tlg002.perseus-grc2:15.541,6
urn:cite2:beyond-translation.scaife-viewer.org:place.v1:72,urn:cts:greekLit:tlg0012.tlg002.perseus-grc2:4.599,2
urn:cite2:beyond-translation.scaife-viewer.org:place.v1:72,urn:cts:greekLit:tlg0012.tlg002.perseus-grc2:4.633,5
urn:cite2:beyond-translation.scaife-viewer.org:place.v1:72,urn:cts:greekLit:tlg0012.tlg002.perseus-grc2:4.639,2
urn:cite2:beyond-translation.scaife-viewer.org:place.v1:72,urn:cts:greekLit:tlg0012.tlg002.perseus-grc2:4.656,7
urn:cite2:beyond-translation.scaife-viewer.org:place.v1:72,urn:cts:greekLit:tlg0012.tlg002.perseus-grc2:4.702,2
urn:cite2:beyond-translation.scaife-viewer.org:place.v1:72,urn:cts:greekLit:tlg0012.tlg002.perseus-grc2:4.713,5
urn:cite2:beyond-translation.scaife-viewer.org:place.v1:72,urn:cts:greekLit:tlg0012.tlg002.perseus-grc2:21.108,2
urn:cite2:beyond-translation.scaife-viewer.org:place.v1:72,urn:cts:greekLit:tlg0012.tlg002.perseus-grc2:11.257,7
urn:cite2:beyond-translation.scaife-viewer.org:place.v1:72,urn:cts:greekLit:tlg0012.tlg002.perseus-grc2:11.285,3
urn:cite2:beyond-translation.scaife-viewer.org:place.v1:72,urn:cts:greekLit:tlg0012.tlg002.perseus-grc2:11.459,7
urn:cite2:beyond-translation.scaife-viewer.org:place.v1:72,urn:cts:greekLit:tlg0012.tlg002.perseus-grc2:24.152,2
urn:cite2:beyond-translation.scaife-viewer.org:place.v1:72,urn:cts:greekLit:tlg0012.tlg002.perseus-grc2:24.430,7
urn:cite2:beyond-translation.scaife-viewer.org:place.v1:72,urn:cts:greekLit:tlg0012.tlg002.perseus-grc2:14.180,2
urn:cite2:beyond-translation.scaife-viewer.org:place.v1:72,urn:cts:greekLit:tlg0012.tlg002.perseus-grc2:5.20,2
urn:cite2:beyond-translation.scaife-viewer.org:place.v1:72,urn:cts:greekLit:tlg0012.tlg002.perseus-grc2:13.274,4
urn:cite2:beyond-translation.scaife-viewer.org:place.v1:73,urn:cts:greekLit:tlg0012.tlg002.perseus-grc2:2.214,4
urn:cite2:beyond-translation.scaife-viewer.org:place.v1:73,urn:cts:greekLit:tlg0012.tlg002.perseus-grc2:2.327,5
urn:cite2:beyond-translation.scaife-viewer.org:place.v1:73,urn:cts:greekLit:tlg0012.tlg002.perseus-grc2:2.359,4
urn:cite2:beyond-translation.scaife-viewer.org:place.v1:73,urn:cts:greekLit:tlg0012.tlg002.perseus-grc2:4.10,3
urn:cite2:beyond-translation.scaife-viewer.org:place.v1:73,urn:cts:greekLit:tlg0012.tlg002.perseus-grc2:1.93,4
urn:cite2:beyond-translation.scaife-viewer.org:place.v1:73,urn:cts:greekLit:tlg0012.tlg002.perseus-grc2:1.285,3
urn:cite2:beyond-translation.scaife-viewer.org:place.v1:73,urn:cts:greekLit:tlg0012.tlg002.perseus-grc2:11.460,6
urn:cite2:beyond-translation.scaife-viewer.org:place.v1:73,urn:cts:greekLit:tlg0012.tlg002.perseus-grc2:13.412,5
urn:cite2:beyond-translation.scaife-viewer.org:place.v1:74,urn:cts:greekLit:tlg0012.tlg002.perseus-grc2:10.514,5
urn:cite2:beyond-translation.scaife-viewer.org:place.v1:75,urn:cts:greekLit:tlg0012.tlg002.perseus-grc2:15.254,3
urn:cite2:beyond-translation.scaife-viewer.org:place.v1:76,urn:cts:greekLit:tlg0012.tlg002.perseus-grc2:6.4,8
urn:cite2:beyond-translation.scaife-viewer.org:place.v1:77,urn:cts:greekLit:tlg0012.tlg002.perseus-grc2:3.278,3
urn:cite2:beyond-translation.scaife-viewer.org:place.v1:78,urn:cts:greekLit:tlg0012.tlg002.perseus-grc2:3.278,6
urn:cite2:beyond-translation.scaife-viewer.org:place.v1:78,urn:cts:greekLit:tlg0012.tlg002.perseus-grc2:3.278,7
urn:cite2:beyond-translation.scaife-viewer.org:place.v1:78,urn:cts:greekLit:tlg0012.tlg002.perseus-grc2:3.307,3
urn:cite2:beyond-translation.scaife-viewer.org:place.v1:78,urn:cts:greekLit:tlg0012.tlg002.perseus-grc2:11.323,5
urn:cite2:beyond-translation.scaife-viewer.org:place.v1:78,urn:cts:greekLit:tlg0012.tlg002.perseus-grc2:7.80,7
urn:cite2:beyond-translation.scaife-viewer.org:place.v1:79,urn:cts:greekLit:tlg0012.tlg002.perseus-grc2:7.80,4
urn:cite2:beyond-translation.scaife-viewer.org:place.v1:80,urn:cts:greekLit:tlg0012.tlg002.perseus-grc2:17.523,1
urn:cite2:beyond-translation.scaife-viewer.org:place.v1:80,urn:cts:greekLit:tlg0012.tlg002.perseus-grc2:16.62,3
urn:cite2:beyond-translation.scaife-viewer.org:place.v1:80,urn:cts:greekLit:tlg0012.tlg002.perseus-grc2:3.191,4
urn:cite2:beyond-translation.scaife-viewer.org:place.v1:80,urn:cts:greekLit:tlg0012.tlg002.perseus-grc2:3.291,5
urn:cite2:beyond-translation.scaife-viewer.org:place.v1:80,urn:cts:greekLit:tlg0012.tlg002.perseus-grc2:19.172,1
urn:cite2:beyond-translation.scaife-viewer.org:place.v1:80,urn:cts:greekLit:tlg0012.tlg002.perseus-grc2:19.176,3
urn:cite2:beyond-translation.scaife-viewer.org:place.v1:80,urn:cts:greekLit:tlg0012.tlg002.perseus-grc2:19.177,6
urn:cite2:beyond-translation.scaife-viewer.org:place.v1:80,urn:cts:greekLit:tlg0012.tlg002.perseus-grc2:19.186,4
urn:cite2:beyond-translation.scaife-viewer.org:place.v1:80,urn:cts:greekLit:tlg0012.tlg002.perseus-grc2:19.338,4
urn:cite2:beyond-translation.scaife-viewer.org:place.v1:80,urn:cts:greekLit:tlg0012.tlg002.perseus-grc2:11.323,2
urn:cite2:beyond-translation.scaife-viewer.org:place.v1:80,urn:cts:greekLit:tlg0012.tlg002.perseus-grc2:14.199,3
urn:cite2:beyond-translation.scaife-viewer.org:place.v1:80,urn:cts:greekLit:tlg0012.tlg002.perseus-grc2:14.205,4
urn:cite2:beyond-translation.scaife-viewer.org:place.v1:80,urn:cts:greekLit:tlg0012.tlg002.perseus-grc2:14.234,6
urn:cite2:beyond-translation.scaife-viewer.org:place.v1:80,urn:cts:greekLit:tlg0012.tlg002.perseus-grc2:14.252,5
urn:cite2:beyond-translation.scaife-viewer.org:place.v1:80,urn:cts:greekLit:tlg0012.tlg002.perseus-grc2:14.300,3
urn:cite2:beyond-translation.scaife-viewer.org:place.v1:80,urn:cts:greekLit:tlg0012.tlg002.perseus-grc2:14.301,4
urn:cite2:beyond-translation.scaife-viewer.org:place.v1:80,urn:cts:greekLit:tlg0012.tlg002.perseus-grc2:14.382,5
urn:cite2:beyond-translation.scaife-viewer.org:place.v1:80,urn:cts:greekLit:tlg0012.tlg002.perseus-grc2:13.256,6
urn:cite2:beyond-translation.scaife-viewer.org:place.v1:80,urn:cts:greekLit:tlg0012.tlg002.perseus-grc2:13.260,6
urn:cite2:beyond-translation.scaife-viewer.org:place.v1:81,urn:cts:greekLit:tlg0012.tlg002.perseus-grc2:19.188,8
urn:cite2:beyond-translation.scaife-viewer.org:place.v1:82,urn:cts:greekLit:tlg0012.tlg002.perseus-grc2:3.294,2
urn:cite2:beyond-translation.scaife-viewer.org:place.v1:83,urn:cts:greekLit:tlg0012.tlg002.perseus-grc2:11.521,1
urn:cite2:beyond-translation.scaife-viewer.org:place.v1:84,urn:cts:greekLit:tlg0012.tlg002.perseus-grc2:19.178,4
urn:cite2:beyond-translation.scaife-viewer.org:place.v1:85,urn:cts:greekLit:tlg0012.tlg002.perseus-grc2:19.176,7
urn:cite2:beyond-translation.scaife-viewer.org:place.v1:86,urn:cts:greekLit:tlg0012.tlg002.perseus-grc2:19.177,1
urn:cite2:beyond-translation.scaife-viewer.org:place.v1:87,urn:cts:greekLit:tlg0012.tlg002.perseus-grc2:3.296,2
urn:cite2:beyond-translation.scaife-viewer.org:place.v1:88,urn:cts:greekLit:tlg0012.tlg002.perseus-grc2:6.162,1
urn:cite2:beyond-translation.scaife-viewer.org:place.v1:89,urn:cts:greekLit:tlg0012.tlg002.perseus-grc2:11.325,1
urn:cite2:beyond-translation.scaife-viewer.org:place.v1:90,urn:cts:greekLit:tlg0012.tlg002.perseus-grc2:5.123,3
urn:cite2:beyond-translation.scaife-viewer.org:place.v1:91,urn:cts:greekLit:tlg0012.tlg002.perseus-grc2:15.29,5
urn:cite2:beyond-translation.scaife-viewer.org:place.v1:91,urn:cts:greekLit:tlg0012.tlg002.perseus-grc2:4.671,5
urn:cite2:beyond-translation.scaife-viewer.org:place.v1:91,urn:cts:greekLit:tlg0012.tlg002.perseus-grc2:4.845,4
urn:cite2:beyond-translation.scaife-viewer.org:place.v1:92,urn:cts:greekLit:tlg0012.tlg002.perseus-grc2:15.415,3
urn:cite2:beyond-translation.scaife-viewer.org:place.v1:92,urn:cts:greekLit:tlg0012.tlg002.perseus-grc2:15.417,6
urn:cite2:beyond-translation.scaife-viewer.org:place.v1:92,urn:cts:greekLit:tlg0012.tlg002.perseus-grc2:15.419,4
urn:cite2:beyond-translation.scaife-viewer.org:place.v1:92,urn:cts:greekLit:tlg0012.tlg002.perseus-grc2:15.473,3
urn:cite2:beyond-translation.scaife-viewer.org:place.v1:92,urn:cts:greekLit:tlg0012.tlg002.perseus-grc2:4.83,2
urn:cite2:beyond-translation.scaife-viewer.org:place.v1:92,urn:cts:greekLit:tlg0012.tlg002.perseus-grc2:14.288,3
urn:cite2:beyond-translation.scaife-viewer.org:place.v1:92,urn:cts:greekLit:tlg0012.tlg002.perseus-grc2:14.291,1
urn:cite2:beyond-translation.scaife-viewer.org:place.v1:92,urn:cts:greekLit:tlg0012.tlg002.perseus-grc2:13.272,6
urn:cite2:beyond-translation.scaife-viewer.org:place.v1:93,urn:cts:greekLit:tlg0012.tlg002.perseus-grc2:15.118,1
urn:cite2:beyond-translation.scaife-viewer.org:place.v1:93,urn:cts:greekLit:tlg0012.tlg002.perseus-grc2:15.425,3
urn:cite2:beyond-translation.scaife-viewer.org:place.v1:93,urn:cts:greekLit:tlg0012.tlg002.perseus-grc2:4.84,5
urn:cite2:beyond-translation.scaife-viewer.org:place.v1:93,urn:cts:greekLit:tlg0012.tlg002.perseus-grc2:4.618,1
urn:cite2:beyond-translation.scaife-viewer.org:place.v1:93,urn:cts:greekLit:tlg0012.tlg002.perseus-grc2:13.285,4
urn:cite2:beyond-translation.scaife-viewer.org:place.v1:94,urn:cts:greekLit:tlg0012.tlg002.perseus-grc2:17.442,4
urn:cite2:beyond-translation.scaife-viewer.org:place.v1:94,urn:cts:greekLit:tlg0012.tlg002.perseus-grc2:17.443,4
urn:cite2:beyond-translation.scaife-viewer.org:place.v1:94,urn:cts:greekLit:tlg0012.tlg002.perseus-grc2:17.448,6
urn:cite2:beyond-translation.scaife-viewer.org:place.v1:94,urn:cts:greekLit:tlg0012.tlg002.perseus-grc2:4.83,1
urn:cite2:beyond-translation.scaife-viewer.org:place.v1:95,urn:cts:greekLit:tlg0012.tlg002.perseus-grc2:8.363,2
urn:cite2:beyond-translation.scaife-viewer.org:place.v1:96,urn:cts:greekLit:tlg0012.tlg002.perseus-grc2:14.295,2
urn:cite2:beyond-translation.scaife-viewer.org:place.v1:97,urn:cts:greekLit:tlg0012.tlg002.perseus-grc2:17.427,4
urn:cite2:beyond-translation.scaife-viewer.org:place.v1:97,urn:cts:greekLit:tlg0012.tlg002.perseus-grc2:17.427,5
urn:cite2:beyond-translation.scaife-viewer.org:place.v1:97,urn:cts:greekLit:tlg0012.tlg002.perseus-grc2:14.258,4
urn:cite2:beyond-translation.scaife-viewer.org:place.v1:97,urn:cts:greekLit:tlg0012.tlg002.perseus-grc2:14.258,5
urn:cite2:beyond-translation.scaife-viewer.org:place.v1:98,urn:cts:greekLit:tlg0012.tlg002.perseus-grc2:4.355,3
urn:cite2:beyond-translation.scaife-viewer.org:place.v1:99,urn:cts:greekLit:tlg0012.tlg002.perseus-grc2:11.14,3
urn:cite2:beyond-translation.scaife-viewer.org:place.v1:100,urn:cts:greekLit:tlg0012.tlg002.perseus-grc2:8.362,4
urn:cite2:beyond-translation.scaife-viewer.org:place.v1:101,urn:cts:greekLit:tlg0012.tlg002.perseus-grc2:4.85,2
urn:cite2:beyond-translation.scaife-viewer.org:place.v1:102,urn:cts:greekLit:tlg0012.tlg002.perseus-grc2:17.426,1
urn:cite2:beyond-translation.scaife-viewer.org:place.v1:102,urn:cts:greekLit:tlg0012.tlg002.perseus-grc2:17.432,3
urn:cite2:beyond-translation.scaife-viewer.org:place.v1:102,urn:cts:greekLit:tlg0012.tlg002.perseus-grc2:17.448,4
urn:cite2:beyond-translation.scaife-viewer.org:place.v1:102,urn:cts:greekLit:tlg0012.tlg002.perseus-grc2:3.300,1
urn:cite2:beyond-translation.scaife-viewer.org:place.v1:102,urn:cts:greekLit:tlg0012.tlg002.perseus-grc2:4.83,5
urn:cite2:beyond-translation.scaife-viewer.org:place.v1:102,urn:cts:greekLit:tlg0012.tlg002.perseus-grc2:4.127,1
urn:cite2:beyond-translation.scaife-viewer.org:place.v1:102,urn:cts:greekLit:tlg0012.tlg002.perseus-grc2:4.229,1
urn:cite2:beyond-translation.scaife-viewer.org:place.v1:102,urn:cts:greekLit:tlg0012.tlg002.perseus-grc2:4.351,1
urn:cite2:beyond-translation.scaife-viewer.org:place.v1:102,urn:cts:greekLit:tlg0012.tlg002.perseus-grc2:4.355,1
urn:cite2:beyond-translation.scaife-viewer.org:place.v1:102,urn:cts:greekLit:tlg0012.tlg002.perseus-grc2:4.385,3
urn:cite2:beyond-translation.scaife-viewer.org:place.v1:102,urn:cts:greekLit:tlg0012.tlg002.perseus-grc2:14.246,1
urn:cite2:beyond-translation.scaife-viewer.org:place.v1:102,urn:cts:greekLit:tlg0012.tlg002.perseus-grc2:14.257,3
urn:cite2:beyond-translation.scaife-viewer.org:place.v1:102,urn:cts:greekLit:tlg0012.tlg002.perseus-grc2:14.263,3
urn:cite2:beyond-translation.scaife-viewer.org:place.v1:102,urn:cts:greekLit:tlg0012.tlg002.perseus-grc2:14.275,3
urn:cite2:beyond-translation.scaife-viewer.org:place.v1:102,urn:cts:greekLit:tlg0012.tlg002.perseus-grc2:14.286,3
urn:cite2:beyond-translation.scaife-viewer.org:place.v1:103,urn:cts:greekLit:tlg0012.tlg002.perseus-grc2:8.361,5
